logged_at,order_id,symbol,side,executed_price,executed_size,order_size,status,exec_timestamp
2024-08-05 09:31:12,09b57998-b978-4fec-8197-a7927dfc58d2,MSFT,SELL,0.0000,2,200,Status.CANCELED,2026-03-25 21:28:17.489070
2024-08-05 09:31:12,958f9fae-b2cd-475d-a592-ace07daad3a1,MSFT,SELL,0.0000,2,200,Status.CANCELED,2026-03-25 21:28:18.691177
2024-08-05 09:31:12,9dc133bb-88cc-43c9-b283-e2fafc0db4a7,MSFT,SELL,0.0000,2,200,Status.CANCELED,2026-03-25 21:28:19.691381
2024-08-05 09:31:12,4cc4231e-9248-4fbe-bfdc-30575e5e75d1,MSFT,SELL,0.0000,2,200,Status.CANCELED,2026-03-25 21:28:20.692393
2024-08-05 09:31:12,6c3df6d1-e9c5-40b5-bb8a-518fca60eb56,MSFT,SELL,0.0000,2,200,Status.CANCELED,2026-03-25 21:28:21.692689
2024-08-05 09:31:12,9afed6c2-b9ae-43ad-a16f-af276a9cc0c3,MSFT,SELL,0.0000,2,200,Status.CANCELED,2026-03-25 21:28:22.696565
2024-08-05 09:31:12,d8997453-8a35-4e21-8c45-3491bb94dfcd,MSFT,SELL,0.0000,2,200,Status.CANCELED,2026-03-25 21:28:23.733304
2024-08-05 09:31:12,1014f195-6b52-4e2e-936a-1518172357ef,MSFT,SELL,386.2300,1,200,Status.FILLED,2026-03-25 21:28:24.710402
2024-08-05 09:31:12,1014f195-6b52-4e2e-936a-1518172357ef,MSFT,SELL,386.2300,1,200,Status.PARTIALLY_FILLED,2026-03-25 21:28:24.710402
2024-08-05 09:31:12,b349f5c3-b8c8-4013-aebe-7640da018f79,MSFT,SELL,386.6800,2,200,Status.FILLED,2026-03-25 21:28:25.713714
2024-08-05 09:31:12,f39e59b2-d3b4-4f67-9264-2288f5869de5,MSFT,SELL,386.9800,1,200,Status.FILLED,2026-03-25 21:28:31.727916
2024-08-05 09:31:12,f39e59b2-d3b4-4f67-9264-2288f5869de5,MSFT,SELL,386.9800,1,200,Status.PARTIALLY_FILLED,2026-03-25 21:28:31.727916
2024-08-05 09:31:51,4c97e309-cf3e-4f0e-b811-ad01d75d4f03,MSFT,BUY,0.0000,4,400,Status.CANCELED,2026-03-25 21:28:38.530184
2024-08-05 09:31:51,6862af98-5902-4efe-b645-8bae71b3f4bf,MSFT,BUY,0.0000,4,400,Status.CANCELED,2026-03-25 21:28:39.731442
2024-08-05 09:31:51,97ef0697-0ce8-40fa-98b3-5e201340bd9b,MSFT,BUY,0.0000,6,600,Status.CANCELED,2026-03-25 21:28:49.753409
2024-08-05 09:31:51,1ab1f82c-0e8e-4735-92c6-a7087f139d22,MSFT,BUY,0.0000,6,600,Status.CANCELED,2026-03-25 21:29:02.768936
2024-08-05 09:31:51,586b931c-3db5-4458-8549-aa8ea495f051,MSFT,BUY,0.0000,5,600,Status.FILLED,2026-03-25 21:29:04.771247
2024-08-05 09:31:51,586b931c-3db5-4458-8549-aa8ea495f051,MSFT,BUY,387.5400,1,600,Status.PARTIALLY_FILLED,2026-03-25 21:29:04.771247
2024-08-05 09:31:51,5e02ae51-2ab5-4d65-99e5-acdfcb204d4f,MSFT,BUY,0.0000,5,500,Status.CANCELED,2026-03-25 21:29:05.773423
2024-08-05 09:31:51,87fd259c-15a3-4724-99d4-e36714956e30,MSFT,BUY,387.7300,1,500,Status.FILLED,2026-03-25 21:29:06.775382
2024-08-05 09:31:51,87fd259c-15a3-4724-99d4-e36714956e30,MSFT,BUY,387.7300,1,500,Status.PARTIALLY_FILLED,2026-03-25 21:29:06.775382
2024-08-05 09:33:52,34facc92-4acd-4277-920b-79c95c09cf26,MSFT,SELL,0.0000,1,200,Status.FILLED,2026-03-25 21:30:57.886083
2024-08-05 09:33:52,34facc92-4acd-4277-920b-79c95c09cf26,MSFT,SELL,388.9600,1,200,Status.PARTIALLY_FILLED,2026-03-25 21:30:57.886083
2024-08-05 09:33:52,b5e0af7b-cf1b-4c9d-9a53-6287c7fafb49,MSFT,BUY,0.0000,1,100,Status.CANCELED,2026-03-25 21:31:06.917466
2024-08-05 09:33:52,cdbb9f15-d5a3-4041-920c-5fc3dce0879b,MSFT,BUY,0.0000,1,100,Status.CANCELED,2026-03-25 21:31:08.125937
2024-08-05 09:33:52,8d6739cd-1cd2-4da1-bdee-3baa09753f00,MSFT,BUY,0.0000,1,100,Status.CANCELED,2026-03-25 21:31:09.127419
2024-08-05 09:33:52,698a3113-03dc-4ac2-93bf-a87dcae15a8d,MSFT,BUY,0.0000,1,100,Status.CANCELED,2026-03-25 21:31:10.132549
2024-08-05 09:33:52,7ff74073-94ba-4ae8-adf9-955456bc050d,MSFT,BUY,0.0000,1,100,Status.CANCELED,2026-03-25 21:31:11.134072
2024-08-05 09:33:52,d39dd529-5430-4ebb-8351-01c8b86dce11,MSFT,BUY,389.4300,1,100,Status.FILLED,2026-03-25 21:31:12.142269
2024-08-05 09:34:22,195471db-7605-4a58-b5b4-6d64710b4585,MSFT,SELL,0.0000,1,200,Status.FILLED,2026-03-25 21:31:43.008603
2024-08-05 09:34:22,195471db-7605-4a58-b5b4-6d64710b4585,MSFT,SELL,389.3800,1,200,Status.PARTIALLY_FILLED,2026-03-25 21:31:43.008603
2024-08-05 09:34:52,dd8a48ba-4c72-4eec-bc9c-94afe37bbbdf,MSFT,BUY,0.0000,1,100,Status.CANCELED,2026-03-25 21:31:52.025557
2024-08-05 09:34:52,2e39e9cf-c15e-4f3b-8128-e51deede739a,MSFT,BUY,389.6400,1,100,Status.FILLED,2026-03-25 21:31:53.237844
2024-08-05 09:35:22,ce5e49b4-8019-4dd7-a7f7-c9c3443386a6,MSFT,BUY,389.8900,2,200,Status.FILLED,2026-03-25 21:32:34.087907
2024-08-05 09:35:22,2bea54d8-a3fd-41f6-bb60-291c2b252a74,MSFT,SELL,0.0000,4,400,Status.CANCELED,2026-03-25 21:32:43.597809
2024-08-05 09:35:22,63d02481-f65c-4f35-9f7d-46874068d61b,MSFT,SELL,389.1700,1,400,Status.FILLED,2026-03-25 21:32:44.298256
2024-08-05 09:35:22,63d02481-f65c-4f35-9f7d-46874068d61b,MSFT,SELL,389.1700,1,400,Status.PARTIALLY_FILLED,2026-03-25 21:32:44.298256
2024-08-05 09:35:22,63d02481-f65c-4f35-9f7d-46874068d61b,MSFT,SELL,389.1700,2,400,Status.PARTIALLY_FILLED,2026-03-25 21:32:44.298256
2024-08-05 09:35:52,7b920dbe-5552-44a1-8040-7f609905a1ea,MSFT,BUY,389.9000,3,400,Status.FILLED,2026-03-25 21:32:53.605833
2024-08-05 09:35:52,7b920dbe-5552-44a1-8040-7f609905a1ea,MSFT,BUY,389.9000,1,400,Status.PARTIALLY_FILLED,2026-03-25 21:32:53.605833
2024-08-05 09:35:52,11a3df40-b989-42e5-bbd5-b5b166516a0e,MSFT,SELL,390.0000,1,200,Status.FILLED,2026-03-25 21:33:02.120094
2024-08-05 09:35:52,11a3df40-b989-42e5-bbd5-b5b166516a0e,MSFT,SELL,390.0000,1,200,Status.PARTIALLY_FILLED,2026-03-25 21:33:02.120094
2024-08-05 09:35:52,58fd5dae-da82-496a-a49d-7a45194f067d,MSFT,BUY,390.6200,1,200,Status.FILLED,2026-03-25 21:33:14.131530
2024-08-05 09:35:52,58fd5dae-da82-496a-a49d-7a45194f067d,MSFT,BUY,390.6200,1,200,Status.PARTIALLY_FILLED,2026-03-25 21:33:14.131530
2024-08-05 09:36:22,6f042761-39e4-4311-b87e-75cfe4443e6f,MSFT,SELL,0.0000,2,200,Status.CANCELED,2026-03-25 21:33:23.160552
2024-08-05 09:36:22,37c77daa-fe98-450c-a267-6db69be284b7,MSFT,SELL,390.1400,2,200,Status.FILLED,2026-03-25 21:33:24.372790
2024-08-05 09:36:22,1630b300-fc8d-4162-83e6-26b33455fa85,MSFT,BUY,390.1900,1,200,Status.FILLED,2026-03-25 21:33:42.226117
2024-08-05 09:36:22,1630b300-fc8d-4162-83e6-26b33455fa85,MSFT,BUY,390.1900,1,200,Status.PARTIALLY_FILLED,2026-03-25 21:33:42.226117
2024-08-05 09:36:52,07ef8fc5-15f8-4be6-a7ab-e86e6c2049b3,MSFT,SELL,391.4500,1,200,Status.FILLED,2026-03-25 21:34:03.355491
2024-08-05 09:36:52,07ef8fc5-15f8-4be6-a7ab-e86e6c2049b3,MSFT,SELL,391.4500,1,200,Status.PARTIALLY_FILLED,2026-03-25 21:34:03.355491
2024-08-05 09:36:52,808bcbff-01c0-45f5-8f98-824cf55695f6,MSFT,SELL,391.3500,1,200,Status.PARTIALLY_FILLED,2026-03-25 21:34:16.427980
2024-08-05 09:37:22,6b407e3a-e34a-4b3e-97b2-218a1e669f84,MSFT,BUY,391.0600,1,100,Status.FILLED,2026-03-25 21:34:25.474725
2024-08-05 09:37:22,31405bd6-3070-45bd-9496-67419f9fa4b1,MSFT,BUY,392.6400,2,200,Status.FILLED,2026-03-25 21:34:43.537575
2024-08-05 09:37:52,42f61379-1776-4d60-96f9-b3f4c2618122,MSFT,SELL,0.0000,2,200,Status.CANCELED,2026-03-25 21:34:52.574285
2024-08-05 09:37:52,53c7ca01-bba9-4a3e-b3d6-a05cac4d17c1,MSFT,SELL,392.4000,1,200,Status.FILLED,2026-03-25 21:34:53.783945
2024-08-05 09:37:52,53c7ca01-bba9-4a3e-b3d6-a05cac4d17c1,MSFT,SELL,392.4000,1,200,Status.PARTIALLY_FILLED,2026-03-25 21:34:53.783945
2024-08-05 09:37:52,298e2c76-a760-4380-8c21-aef85a0764f0,MSFT,BUY,392.2200,1,200,Status.FILLED,2026-03-25 21:35:03.631793
2024-08-05 09:37:52,298e2c76-a760-4380-8c21-aef85a0764f0,MSFT,BUY,392.2200,1,200,Status.PARTIALLY_FILLED,2026-03-25 21:35:03.631793
2024-08-05 09:37:52,53e88367-a6c4-49e3-9127-8497a946dd1b,MSFT,SELL,0.0000,4,400,Status.CANCELED,2026-03-25 21:35:13.182941
2024-08-05 09:37:52,58207013-7898-4064-84aa-1cdd1aa99297,MSFT,SELL,0.0000,4,400,Status.CANCELED,2026-03-25 21:35:13.892191
2024-08-05 09:37:52,4f614d2b-6724-4a07-94b8-92b6e8b874ca,MSFT,SELL,391.3300,1,400,Status.FILLED,2026-03-25 21:35:14.894621
2024-08-05 09:37:52,4f614d2b-6724-4a07-94b8-92b6e8b874ca,MSFT,SELL,391.3300,2,400,Status.PARTIALLY_FILLED,2026-03-25 21:35:14.894621
2024-08-05 09:37:52,4f614d2b-6724-4a07-94b8-92b6e8b874ca,MSFT,SELL,391.3300,1,400,Status.PARTIALLY_FILLED,2026-03-25 21:35:14.894621
2024-08-05 09:38:23,3694b7b7-e349-4a83-a59b-1cd491d86ae6,MSFT,BUY,0.0000,2,200,Status.CANCELED,2026-03-25 21:35:23.704767
2024-08-05 09:38:23,802f1e44-f48c-49d8-b760-694265c4dcf3,MSFT,BUY,391.3500,2,200,Status.FILLED,2026-03-25 21:35:24.906573
2024-08-05 09:38:23,0a766dcd-b349-4a09-bcf3-5e90f8b73556,MSFT,SELL,390.6800,1,200,Status.FILLED,2026-03-25 21:35:32.713011
2024-08-05 09:38:23,0a766dcd-b349-4a09-bcf3-5e90f8b73556,MSFT,SELL,390.6800,1,200,Status.PARTIALLY_FILLED,2026-03-25 21:35:32.713011
2024-08-05 09:38:23,59827df6-579a-456c-8265-8457cd9e1364,MSFT,BUY,0.0000,2,200,Status.CANCELED,2026-03-25 21:35:44.731399
2024-08-05 09:38:23,c732543f-26c5-491e-9e4a-e165cbb305c8,MSFT,BUY,390.5000,1,200,Status.FILLED,2026-03-25 21:35:45.944194
2024-08-05 09:38:23,c732543f-26c5-491e-9e4a-e165cbb305c8,MSFT,BUY,390.5000,1,200,Status.PARTIALLY_FILLED,2026-03-25 21:35:45.944194
2024-08-05 09:38:53,dee65a7d-2b14-4e95-ba89-705b0bf9668f,MSFT,BUY,0.0000,2,200,Status.CANCELED,2026-03-25 21:35:50.766886
2024-08-05 09:38:53,02b818d8-2c83-45e1-9a40-a0e83eb39deb,MSFT,BUY,391.5800,1,200,Status.FILLED,2026-03-25 21:35:51.974451
2024-08-05 09:38:53,02b818d8-2c83-45e1-9a40-a0e83eb39deb,MSFT,BUY,391.5800,1,200,Status.PARTIALLY_FILLED,2026-03-25 21:35:51.974451
2024-08-05 09:38:53,314d0977-f38d-4d53-8dce-3ea8c8fd8eb2,MSFT,SELL,392.3800,2,200,Status.FILLED,2026-03-25 21:36:09.875264
2024-08-05 09:39:23,97ee21d1-09fe-40c8-8ce1-167913f90968,MSFT,BUY,392.5600,2,200,Status.FILLED,2026-03-25 21:36:21.903188
2024-08-05 09:39:23,cf2c0ad1-ea82-44a9-ab1e-795058254c2c,MSFT,SELL,392.4000,1,200,Status.FILLED,2026-03-25 21:36:39.987677
2024-08-05 09:39:23,cf2c0ad1-ea82-44a9-ab1e-795058254c2c,MSFT,SELL,392.4000,1,200,Status.PARTIALLY_FILLED,2026-03-25 21:36:39.987677
2024-08-05 09:39:23,837a954e-2862-4251-ae75-b6dab2991bac,MSFT,SELL,392.5100,1,200,Status.FILLED,2026-03-25 21:36:41.196037
2024-08-05 09:39:23,837a954e-2862-4251-ae75-b6dab2991bac,MSFT,SELL,392.5100,1,200,Status.PARTIALLY_FILLED,2026-03-25 21:36:41.196037
2024-08-05 09:39:23,2fd59a0b-7275-4f8e-87e7-d9b185b63435,MSFT,BUY,0.0000,2,200,Status.CANCELED,2026-03-25 21:36:42.202549
2024-08-05 09:39:23,1c062b59-1f2b-4819-9f1c-63de8af60d3a,MSFT,BUY,0.0000,2,200,Status.CANCELED,2026-03-25 21:36:43.208792
2024-08-05 09:39:23,8fd334b1-868b-461b-9ba5-0fd10a0c573b,MSFT,BUY,0.0000,2,200,Status.CANCELED,2026-03-25 21:36:44.223091
2024-08-05 09:39:23,db2ccf18-f442-49ee-9356-687ccf8aacf2,MSFT,BUY,0.0000,2,200,Status.CANCELED,2026-03-25 21:36:45.227516
2024-08-05 09:39:23,44a90a26-ab86-46f1-9d6a-d60a2ff7f298,MSFT,BUY,0.0000,2,200,Status.CANCELED,2026-03-25 21:36:46.229325
2024-08-05 09:39:53,831e02cb-0794-4df7-91ed-c667be004db5,MSFT,BUY,0.0000,2,200,Status.CANCELED,2026-03-25 21:36:47.232051
2024-08-05 09:39:53,d7729728-a270-426f-afd0-ad3638183ada,MSFT,BUY,0.0000,2,200,Status.CANCELED,2026-03-25 21:36:48.238340
2024-08-05 09:39:53,c1977eda-2783-46e0-b0bc-c74591ef2186,MSFT,BUY,392.6800,1,200,Status.FILLED,2026-03-25 21:36:49.249701
2024-08-05 09:39:53,c1977eda-2783-46e0-b0bc-c74591ef2186,MSFT,BUY,392.6800,1,200,Status.PARTIALLY_FILLED,2026-03-25 21:36:49.249701
2024-08-05 09:39:53,07a10964-60fe-49e8-8e9b-168ff147bed2,MSFT,BUY,392.9900,1,200,Status.FILLED,2026-03-25 21:37:11.146409
2024-08-05 09:39:53,07a10964-60fe-49e8-8e9b-168ff147bed2,MSFT,BUY,392.9900,1,200,Status.PARTIALLY_FILLED,2026-03-25 21:37:11.146409
2024-08-05 09:40:23,e55d9fd3-48c8-47ab-80e2-c2dc7c650a2b,MSFT,SELL,393.1500,1,200,Status.FILLED,2026-03-25 21:37:20.164314
2024-08-05 09:40:23,e55d9fd3-48c8-47ab-80e2-c2dc7c650a2b,MSFT,SELL,393.1500,1,200,Status.PARTIALLY_FILLED,2026-03-25 21:37:20.164314
2024-08-05 09:40:53,1ef5af81-97d2-43ef-b551-dc1698ec89c8,MSFT,SELL,0.0000,2,200,Status.CANCELED,2026-03-25 21:38:08.217533
2024-08-05 09:40:53,26d8da5a-fa69-492c-9e75-bab04ce261a0,MSFT,SELL,0.0000,2,200,Status.CANCELED,2026-03-25 21:38:09.418824
2024-08-05 09:40:53,a363eacb-b50f-4a1b-b8f8-3b1ac01a9e85,MSFT,SELL,391.7700,1,200,Status.FILLED,2026-03-25 21:38:10.431747
2024-08-05 09:40:53,a363eacb-b50f-4a1b-b8f8-3b1ac01a9e85,MSFT,SELL,391.7700,1,200,Status.PARTIALLY_FILLED,2026-03-25 21:38:10.431747
2024-08-05 09:41:23,4f147a09-48c4-41b5-a809-af337f5fd012,MSFT,BUY,0.0000,2,200,Status.CANCELED,2026-03-25 21:38:19.250106
2024-08-05 09:41:23,70a7a9e8-6708-4dde-b2d7-710437012f34,MSFT,BUY,391.5300,1,200,Status.FILLED,2026-03-25 21:38:20.455337
2024-08-05 09:41:23,70a7a9e8-6708-4dde-b2d7-710437012f34,MSFT,BUY,391.5300,1,200,Status.PARTIALLY_FILLED,2026-03-25 21:38:20.455337
2024-08-05 09:41:23,589eeb53-68b3-4f3a-9dfd-c37c5110e590,MSFT,BUY,392.1600,1,200,Status.FILLED,2026-03-25 21:38:34.266133
2024-08-05 09:41:23,589eeb53-68b3-4f3a-9dfd-c37c5110e590,MSFT,BUY,392.1600,1,200,Status.PARTIALLY_FILLED,2026-03-25 21:38:34.266133
2024-08-05 09:41:23,2fabedba-3070-48b6-82e0-d2c357ada022,MSFT,SELL,0.0000,2,200,Status.CANCELED,2026-03-25 21:38:43.272875
2024-08-05 09:41:23,09216aaa-02c4-43b3-96a3-892d3989eb0d,MSFT,SELL,0.0000,2,200,Status.CANCELED,2026-03-25 21:38:44.477811
2024-08-05 09:41:23,b063fa84-367a-4279-afb9-a4342b37168c,MSFT,SELL,391.1700,1,400,Status.FILLED,2026-03-25 21:38:45.775897
2024-08-05 09:41:23,b063fa84-367a-4279-afb9-a4342b37168c,MSFT,SELL,391.1700,1,400,Status.PARTIALLY_FILLED,2026-03-25 21:38:45.775897
2024-08-05 09:41:53,f905a722-07c1-4c41-8ee6-1db3c50f124e,MSFT,BUY,390.0800,1,200,Status.FILLED,2026-03-25 21:39:00.293845
2024-08-05 09:41:53,f905a722-07c1-4c41-8ee6-1db3c50f124e,MSFT,BUY,390.0800,1,200,Status.PARTIALLY_FILLED,2026-03-25 21:39:00.293845
2024-08-05 09:42:53,97632787-92f3-444f-9eff-07c9f70f64be,MSFT,SELL,389.9100,1,200,Status.FILLED,2026-03-25 21:39:56.425000
2024-08-05 09:42:53,97632787-92f3-444f-9eff-07c9f70f64be,MSFT,SELL,389.9100,1,200,Status.PARTIALLY_FILLED,2026-03-25 21:39:56.425000
2024-08-05 09:42:53,ae149b56-6e75-43ac-978a-4bbba357e3c2,MSFT,BUY,390.1200,1,200,Status.FILLED,2026-03-25 21:40:05.471533
2024-08-05 09:42:53,ae149b56-6e75-43ac-978a-4bbba357e3c2,MSFT,BUY,390.1200,1,200,Status.PARTIALLY_FILLED,2026-03-25 21:40:05.471533
2024-08-05 09:43:23,1b3c113a-3523-4071-a8ce-1adccd28e4da,MSFT,SELL,0.0000,2,200,Status.CANCELED,2026-03-25 21:40:42.648039
2024-08-05 09:43:23,0962a346-0e05-473f-aad7-016c881b0721,MSFT,SELL,389.9800,2,200,Status.FILLED,2026-03-25 21:40:43.859597
2024-08-05 09:43:54,8a7f669a-992d-4ee6-8d2a-f9448415bd8e,MSFT,BUY,0.0000,2,200,Status.CANCELED,2026-03-25 21:40:52.694315
2024-08-05 09:43:54,b2a7948a-2b8c-41f1-a7ff-e6276885622d,MSFT,BUY,0.0000,2,200,Status.CANCELED,2026-03-25 21:40:53.899049
2024-08-05 09:43:54,266bb8b8-1469-4d94-b303-6f5bbd52cd7a,MSFT,BUY,0.0000,2,200,Status.CANCELED,2026-03-25 21:40:54.905913
2024-08-05 09:43:54,52d60850-bf1b-45e5-84dc-bdcfa7e271f6,MSFT,BUY,390.0300,1,200,Status.FILLED,2026-03-25 21:40:55.906012
2024-08-05 09:43:54,52d60850-bf1b-45e5-84dc-bdcfa7e271f6,MSFT,BUY,390.0300,1,200,Status.PARTIALLY_FILLED,2026-03-25 21:40:55.906012
2024-08-05 09:44:24,c796c19a-96b6-4eb4-9a7a-e560b6431361,MSFT,BUY,390.0700,1,200,Status.FILLED,2026-03-25 21:41:24.827509
2024-08-05 09:44:24,c796c19a-96b6-4eb4-9a7a-e560b6431361,MSFT,BUY,390.0700,1,200,Status.PARTIALLY_FILLED,2026-03-25 21:41:24.827509
2024-08-05 09:44:24,28460fba-dee6-4203-9f88-9716f3fe0978,MSFT,SELL,0.0000,2,200,Status.CANCELED,2026-03-25 21:41:33.857258
2024-08-05 09:44:24,688029bb-7433-4dc6-861b-a77b5e6abad8,MSFT,SELL,389.4900,1,200,Status.FILLED,2026-03-25 21:41:35.066421
2024-08-05 09:44:24,688029bb-7433-4dc6-861b-a77b5e6abad8,MSFT,SELL,389.4900,1,200,Status.PARTIALLY_FILLED,2026-03-25 21:41:35.066421
2024-08-05 09:45:24,6a3cf155-d4d8-491b-b928-c57894faa1e2,MSFT,BUY,0.0000,1,200,Status.FILLED,2026-03-25 21:42:31.035849
2024-08-05 09:45:24,6a3cf155-d4d8-491b-b928-c57894faa1e2,MSFT,BUY,391.8200,1,200,Status.PARTIALLY_FILLED,2026-03-25 21:42:31.035849
2024-08-05 09:45:24,58171fa9-6bd8-4c5c-a20e-0364290942c0,MSFT,SELL,0.0000,1,100,Status.CANCELED,2026-03-25 21:42:40.071554
2024-08-05 09:45:24,3fe8c343-c76a-4c28-958b-287bad3ec2f3,MSFT,SELL,0.0000,1,100,Status.CANCELED,2026-03-25 21:42:41.283048
2024-08-05 09:45:24,48d66b58-cb25-44ea-b9fb-46d96a33227e,MSFT,SELL,0.0000,1,100,Status.CANCELED,2026-03-25 21:42:42.282669
2024-08-05 09:45:24,ce5258d5-eb93-486f-a2ab-fca88d3feae6,MSFT,SELL,0.0000,1,100,Status.CANCELED,2026-03-25 21:42:43.282411
2024-08-05 09:45:24,cafc49d4-cf52-4ee5-ad89-f9a2b4e12022,MSFT,SELL,391.4300,1,100,Status.FILLED,2026-03-25 21:42:44.297591
2024-08-05 09:45:54,5f0cea7c-0239-4be6-b814-6b3175c503d2,MSFT,BUY,0.0000,2,200,Status.CANCELED,2026-03-25 21:43:07.192734
2024-08-05 09:45:54,473cc6cc-44e1-4f35-93ca-c3f4feaecf9c,MSFT,BUY,0.0000,2,200,Status.CANCELED,2026-03-25 21:43:08.397627
2024-08-05 09:45:54,40ae1463-bf7a-46ab-9b3f-41a627104001,MSFT,BUY,0.0000,2,200,Status.CANCELED,2026-03-25 21:43:09.404895
2024-08-05 09:45:54,011d5635-0e3a-4bb3-b1d6-8dec486b6bc6,MSFT,BUY,391.5100,1,200,Status.FILLED,2026-03-25 21:43:10.414764
2024-08-05 09:45:54,011d5635-0e3a-4bb3-b1d6-8dec486b6bc6,MSFT,BUY,391.5100,1,200,Status.PARTIALLY_FILLED,2026-03-25 21:43:10.414764
2024-08-05 09:45:54,f3ba44b3-af5c-4faf-981d-44d67060549e,MSFT,BUY,0.0000,2,200,Status.CANCELED,2026-03-25 21:43:11.412208
2024-08-05 09:46:24,59244b1e-0eda-41a3-9bae-79682fa59c37,MSFT,SELL,392.5600,2,200,Status.FILLED,2026-03-25 21:43:20.221741
2024-08-05 09:46:24,6bc4d9de-dd9e-43c6-a3a1-7027fc2bede9,MSFT,BUY,392.4900,1,200,Status.FILLED,2026-03-25 21:43:24.224459
2024-08-05 09:46:24,6bc4d9de-dd9e-43c6-a3a1-7027fc2bede9,MSFT,BUY,392.4900,1,200,Status.PARTIALLY_FILLED,2026-03-25 21:43:24.224459
2024-08-05 09:46:24,4b80f622-3f28-4f14-ae8e-71e476ba92c7,MSFT,SELL,0.0000,2,200,Status.CANCELED,2026-03-25 21:43:39.245851
2024-08-05 09:46:24,250a8f70-7551-4759-8f2c-60b68c6678fe,MSFT,SELL,393.1400,1,200,Status.FILLED,2026-03-25 21:43:40.456707
2024-08-05 09:46:24,250a8f70-7551-4759-8f2c-60b68c6678fe,MSFT,SELL,393.1400,1,200,Status.PARTIALLY_FILLED,2026-03-25 21:43:40.456707
2024-08-05 09:46:24,8c3c1123-0379-45b6-9d49-fed5f720aa94,MSFT,SELL,393.2100,1,200,Status.FILLED,2026-03-25 21:43:41.469002
2024-08-05 09:46:24,8c3c1123-0379-45b6-9d49-fed5f720aa94,MSFT,SELL,393.2100,1,200,Status.PARTIALLY_FILLED,2026-03-25 21:43:41.469002
2024-08-05 09:46:24,87281f5a-4900-42e7-b6d8-3179fcaa05f3,MSFT,BUY,0.0000,2,200,Status.CANCELED,2026-03-25 21:43:42.476977
2024-08-05 09:46:24,421f4a09-78b9-4dd9-bd99-c88fad9eff25,MSFT,BUY,0.0000,4,400,Status.CANCELED,2026-03-25 21:43:43.771771
2024-08-05 09:46:24,ed6b9c59-308d-4e90-93de-582239ea602e,MSFT,BUY,0.0000,3,400,Status.FILLED,2026-03-25 21:43:44.478870
2024-08-05 09:46:24,ed6b9c59-308d-4e90-93de-582239ea602e,MSFT,BUY,393.3400,1,400,Status.PARTIALLY_FILLED,2026-03-25 21:43:44.478870
2024-08-05 09:46:24,63fd9c9d-f874-4ae4-a324-229582c9cc5b,MSFT,BUY,0.0000,4,400,Status.CANCELED,2026-03-25 21:43:45.483505
2024-08-05 09:46:54,e6de8c91-3617-4ec6-a366-67b2b102fe87,MSFT,BUY,393.3000,1,100,Status.FILLED,2026-03-25 21:43:54.301559
2024-08-05 09:49:25,4cf0e567-03d8-43b0-88de-3ec6a8e4c4c9,MSFT,BUY,0.0000,2,200,Status.CANCELED,2026-03-25 21:46:45.911062
2024-08-05 09:49:25,eb447cd8-e593-4b4c-b562-41afab3631eb,MSFT,BUY,395.2300,1,200,Status.FILLED,2026-03-25 21:46:47.125336
2024-08-05 09:49:25,eb447cd8-e593-4b4c-b562-41afab3631eb,MSFT,BUY,395.2300,1,200,Status.PARTIALLY_FILLED,2026-03-25 21:46:47.125336
2024-08-05 09:49:55,8847a67b-db37-40c2-b4f2-615c2bdfa59f,MSFT,SELL,395.0000,1,200,Status.FILLED,2026-03-25 21:46:55.965420
2024-08-05 09:49:55,8847a67b-db37-40c2-b4f2-615c2bdfa59f,MSFT,SELL,395.0000,1,200,Status.PARTIALLY_FILLED,2026-03-25 21:46:55.965420
2024-08-05 09:52:25,eb7584cf-4f18-438b-8ff5-1cb151b73074,MSFT,SELL,0.0000,2,200,Status.CANCELED,2026-03-25 21:49:19.307527
2024-08-05 09:52:25,e4869ff5-a1ce-4b4e-b24a-efa4bf614872,MSFT,SELL,0.0000,1,200,Status.FILLED,2026-03-25 21:49:20.510258
2024-08-05 09:52:25,e4869ff5-a1ce-4b4e-b24a-efa4bf614872,MSFT,SELL,396.1400,1,200,Status.PARTIALLY_FILLED,2026-03-25 21:49:20.510258
2024-08-05 09:52:25,6c396c27-2731-4662-a299-012e8d65c74a,MSFT,BUY,395.9300,1,100,Status.FILLED,2026-03-25 21:49:32.324673
2024-08-05 09:52:55,54068296-5ecd-4af1-8352-6a451474d81a,MSFT,BUY,396.2800,1,200,Status.FILLED,2026-03-25 21:50:02.532490
2024-08-05 09:52:55,54068296-5ecd-4af1-8352-6a451474d81a,MSFT,BUY,396.2800,1,200,Status.PARTIALLY_FILLED,2026-03-25 21:50:02.532490
2024-08-05 09:52:55,880d22ea-cb8b-4af6-9cde-893cc41af38b,MSFT,SELL,0.0000,4,400,Status.CANCELED,2026-03-25 21:50:12.004751
2024-08-05 09:52:55,269c8b91-c8fc-4ce7-acab-ccacfcb09c65,MSFT,SELL,395.6900,2,400,Status.FILLED,2026-03-25 21:50:12.709217
2024-08-05 09:52:55,269c8b91-c8fc-4ce7-acab-ccacfcb09c65,MSFT,SELL,395.6900,1,400,Status.PARTIALLY_FILLED,2026-03-25 21:50:12.709217
2024-08-05 09:53:25,a6293ca1-4736-4510-830d-007588e9192a,MSFT,BUY,395.7600,1,200,Status.FILLED,2026-03-25 21:50:21.544119
2024-08-05 09:53:25,a6293ca1-4736-4510-830d-007588e9192a,MSFT,BUY,395.7600,1,200,Status.PARTIALLY_FILLED,2026-03-25 21:50:21.544119
2024-08-05 09:53:25,af083814-e67e-434d-a214-9cadaf44986c,MSFT,BUY,0.0000,1,200,Status.FILLED,2026-03-25 21:50:22.745785
2024-08-05 09:53:25,af083814-e67e-434d-a214-9cadaf44986c,MSFT,BUY,395.6900,1,200,Status.PARTIALLY_FILLED,2026-03-25 21:50:22.745785
2024-08-05 09:53:25,518f4dc3-09b9-46a4-b1c0-86877c3c98d4,MSFT,SELL,0.0000,1,100,Status.CANCELED,2026-03-25 21:50:23.769454
2024-08-05 09:53:25,afdb14da-ad5e-4a2c-a461-bbd6e35dd2af,MSFT,SELL,395.7700,1,100,Status.FILLED,2026-03-25 21:50:24.779096
2024-08-05 09:55:26,7daf83d5-1ed9-4642-bd7d-55183295e121,MSFT,SELL,394.7800,2,200,Status.FILLED,2026-03-25 21:52:30.836015
2024-08-05 09:55:26,c0eab5b0-fcf3-4c11-9576-eb63e2b3d1c0,MSFT,BUY,395.2100,2,200,Status.FILLED,2026-03-25 21:52:39.844644
2024-08-05 09:57:56,a7030c92-9072-442c-b90f-7a669e7e6061,MSFT,BUY,395.4800,2,200,Status.FILLED,2026-03-25 21:55:04.233377
2024-08-05 09:57:56,00cddf37-533b-4200-8c22-bd5518e6a518,MSFT,SELL,0.0000,2,200,Status.CANCELED,2026-03-25 21:55:13.249843
2024-08-05 09:57:56,eb0d1183-7b03-4b86-8560-586a00ccfb10,MSFT,SELL,0.0000,2,200,Status.CANCELED,2026-03-25 21:55:14.453951
2024-08-05 09:57:56,0339bf1d-eefd-4616-9718-3b06976daa41,MSFT,SELL,0.0000,1,200,Status.FILLED,2026-03-25 21:55:15.455045
2024-08-05 09:57:56,0339bf1d-eefd-4616-9718-3b06976daa41,MSFT,SELL,395.1700,1,200,Status.PARTIALLY_FILLED,2026-03-25 21:55:15.455045
2024-08-05 09:57:56,ad7355ad-514d-4fbd-8647-8e39972e448c,MSFT,SELL,395.0800,1,100,Status.FILLED,2026-03-25 21:55:16.458747
2024-08-05 09:58:26,c6fe1dea-91c6-406f-b648-c33cf441ca70,MSFT,SELL,394.0000,1,200,Status.FILLED,2026-03-25 21:55:42.301048
2024-08-05 09:58:26,c6fe1dea-91c6-406f-b648-c33cf441ca70,MSFT,SELL,394.0000,1,200,Status.PARTIALLY_FILLED,2026-03-25 21:55:42.301048
2024-08-05 09:58:56,51eef5f1-10b6-4d3e-8df5-2f86e2f645de,MSFT,BUY,0.0000,1,200,Status.FILLED,2026-03-25 21:55:51.318158
2024-08-05 09:58:56,51eef5f1-10b6-4d3e-8df5-2f86e2f645de,MSFT,BUY,393.7300,1,200,Status.PARTIALLY_FILLED,2026-03-25 21:55:51.318158
2024-08-05 09:58:56,2232f6b1-c497-49b6-b28d-be164ca0b75d,MSFT,BUY,0.0000,1,100,Status.CANCELED,2026-03-25 21:55:52.518786
2024-08-05 09:58:56,12857aab-0c1f-459e-a2fc-37bac8a03f93,MSFT,BUY,0.0000,1,100,Status.CANCELED,2026-03-25 21:55:53.525093
2024-08-05 09:58:56,f1b6f2ae-1b48-4388-872b-e921a80083db,MSFT,BUY,393.8500,1,100,Status.FILLED,2026-03-25 21:55:54.523810
2024-08-05 09:59:26,753efaef-2a4b-4579-871a-c13a8fff6d29,MSFT,SELL,0.0000,2,200,Status.CANCELED,2026-03-25 21:56:27.400742
2024-08-05 09:59:26,89d7df33-5746-44c7-be0f-bcd5a000eef9,MSFT,SELL,393.8500,1,200,Status.FILLED,2026-03-25 21:56:28.599385
2024-08-05 09:59:26,89d7df33-5746-44c7-be0f-bcd5a000eef9,MSFT,SELL,393.8500,1,200,Status.PARTIALLY_FILLED,2026-03-25 21:56:28.599385
2024-08-05 09:59:26,ec835db7-f2d1-4293-9551-18f97b2beac1,MSFT,BUY,393.7900,2,200,Status.FILLED,2026-03-25 21:56:37.412939
2024-08-05 09:59:26,d5db9e39-0dc2-452c-ac82-d64460dfa594,MSFT,SELL,393.6800,1,200,Status.FILLED,2026-03-25 21:56:44.417560
2024-08-05 09:59:26,d5db9e39-0dc2-452c-ac82-d64460dfa594,MSFT,SELL,393.6800,1,200,Status.PARTIALLY_FILLED,2026-03-25 21:56:44.417560
2024-08-05 09:59:56,1127f58e-5529-43d5-b25a-80bd8572e5a1,MSFT,BUY,0.0000,2,200,Status.CANCELED,2026-03-25 21:56:53.423133
2024-08-05 09:59:56,7d303f2b-5cf0-4dcd-a02a-ccb1b9068e24,MSFT,BUY,393.5200,1,200,Status.FILLED,2026-03-25 21:56:54.629764
2024-08-05 09:59:56,7d303f2b-5cf0-4dcd-a02a-ccb1b9068e24,MSFT,BUY,393.5200,1,200,Status.PARTIALLY_FILLED,2026-03-25 21:56:54.629764
2024-08-05 10:00:26,54a9c6a7-bfe4-4a1c-9cee-a892894c6618,MSFT,BUY,394.9500,1,200,Status.FILLED,2026-03-25 21:57:37.465274
2024-08-05 10:00:26,54a9c6a7-bfe4-4a1c-9cee-a892894c6618,MSFT,BUY,394.9500,1,200,Status.PARTIALLY_FILLED,2026-03-25 21:57:37.465274
2024-08-05 10:00:56,1fa67562-de1c-40fb-bb7f-77e5bf7ef341,MSFT,SELL,0.0000,2,200,Status.CANCELED,2026-03-25 21:57:55.478148
2024-08-05 10:00:56,9fb3503b-7cd1-42a0-ae43-64009823aba0,MSFT,SELL,0.0000,2,200,Status.CANCELED,2026-03-25 21:57:56.678798
2024-08-05 10:00:56,4d049b69-e8da-43e2-a5f1-d7cf03a63c9a,MSFT,SELL,395.5700,1,200,Status.FILLED,2026-03-25 21:57:57.684224
2024-08-05 10:00:56,4d049b69-e8da-43e2-a5f1-d7cf03a63c9a,MSFT,SELL,395.5700,1,200,Status.PARTIALLY_FILLED,2026-03-25 21:57:57.684224
2024-08-05 10:01:26,63e7b627-ac66-40bf-8d23-012ef59faa20,MSFT,SELL,395.7000,1,200,Status.FILLED,2026-03-25 21:58:31.600375
2024-08-05 10:01:26,63e7b627-ac66-40bf-8d23-012ef59faa20,MSFT,SELL,395.7000,1,200,Status.PARTIALLY_FILLED,2026-03-25 21:58:31.600375
2024-08-05 10:01:26,b6aefb41-95bf-40b7-a9ef-2298beeb89f9,MSFT,BUY,0.0000,2,200,Status.CANCELED,2026-03-25 21:58:40.628474
2024-08-05 10:01:26,49fe2bb4-fab5-4711-9f85-49f531a7d998,MSFT,BUY,0.0000,2,200,Status.CANCELED,2026-03-25 21:58:41.829709
2024-08-05 10:01:26,e9e8e68e-a5d4-4ca9-98da-3fb795ee30c7,MSFT,BUY,0.0000,2,200,Status.CANCELED,2026-03-25 21:58:42.830717
2024-08-05 10:01:26,1356644f-e6af-4f49-852a-29fe3f8b53d4,MSFT,BUY,0.0000,2,200,Status.CANCELED,2026-03-25 21:58:43.832582
2024-08-05 10:01:26,2f9b1f17-ce27-40f4-b3a6-4c0e22a8df23,MSFT,BUY,0.0000,2,200,Status.CANCELED,2026-03-25 21:58:44.835288
2024-08-05 10:01:26,345ede67-72c4-44f1-bbc1-9ceec116f39a,MSFT,BUY,0.0000,1,200,Status.FILLED,2026-03-25 21:58:45.840430
2024-08-05 10:01:26,345ede67-72c4-44f1-bbc1-9ceec116f39a,MSFT,BUY,395.5900,1,200,Status.PARTIALLY_FILLED,2026-03-25 21:58:45.840430
2024-08-05 10:01:26,6237923c-2a44-408a-849a-44e7f225d085,MSFT,BUY,0.0000,1,100,Status.CANCELED,2026-03-25 21:58:46.838468
2024-08-05 10:01:26,b1862f8e-530a-4b9e-ae9a-e8a1ea030bdc,MSFT,BUY,395.5000,1,100,Status.FILLED,2026-03-25 21:58:47.841271
2024-08-05 10:01:56,e51458e1-6d7b-4d01-b647-d40e59d62223,MSFT,BUY,0.0000,1,200,Status.FILLED,2026-03-25 21:59:07.683089
2024-08-05 10:01:56,e51458e1-6d7b-4d01-b647-d40e59d62223,MSFT,BUY,396.2700,1,200,Status.PARTIALLY_FILLED,2026-03-25 21:59:07.683089
2024-08-05 10:01:56,6757c669-1ab0-4495-a11b-001a5b179719,MSFT,SELL,396.1300,1,100,Status.FILLED,2026-03-25 21:59:16.708410
2024-08-05 10:03:27,eb8c5f25-42b9-476e-add3-ce8fd437f82f,MSFT,SELL,395.7500,1,200,Status.FILLED,2026-03-25 22:00:49.989121
2024-08-05 10:03:27,eb8c5f25-42b9-476e-add3-ce8fd437f82f,MSFT,SELL,395.7500,1,200,Status.PARTIALLY_FILLED,2026-03-25 22:00:49.989121
2024-08-05 10:03:57,8021efdf-457c-4dc3-8511-ef6e416836ac,MSFT,BUY,395.9000,2,200,Status.FILLED,2026-03-25 22:00:59.026301
2024-08-05 10:03:57,d930dfc9-7b19-4847-a2dc-fe2d992ca0ec,MSFT,BUY,0.0000,1,200,Status.FILLED,2026-03-25 22:01:00.228016
2024-08-05 10:03:57,d930dfc9-7b19-4847-a2dc-fe2d992ca0ec,MSFT,BUY,395.9000,1,200,Status.PARTIALLY_FILLED,2026-03-25 22:01:00.228016
2024-08-05 10:03:57,fdc27ad8-ab3a-4ebf-b651-4180e7919505,MSFT,SELL,395.9800,1,100,Status.FILLED,2026-03-25 22:01:03.039689
2024-08-05 10:03:57,ba10f1d4-f5b0-4af3-a0bd-923915d01146,MSFT,SELL,0.0000,2,200,Status.CANCELED,2026-03-25 22:01:09.049126
2024-08-05 10:03:57,e48ebaae-a4c4-4c5d-8e2d-e9e510fec25b,MSFT,SELL,395.6600,1,200,Status.FILLED,2026-03-25 22:01:10.253456
2024-08-05 10:03:57,e48ebaae-a4c4-4c5d-8e2d-e9e510fec25b,MSFT,SELL,395.6600,1,200,Status.PARTIALLY_FILLED,2026-03-25 22:01:10.253456
2024-08-05 10:03:57,f43244b2-1865-4156-bde7-f0e9ebbdc902,MSFT,BUY,0.0000,2,200,Status.CANCELED,2026-03-25 22:01:19.068507
2024-08-05 10:03:57,fbc09d75-62f8-41f2-862a-11313e30a803,MSFT,BUY,395.7400,1,200,Status.FILLED,2026-03-25 22:01:20.273171
2024-08-05 10:03:57,fbc09d75-62f8-41f2-862a-11313e30a803,MSFT,BUY,395.7400,1,200,Status.PARTIALLY_FILLED,2026-03-25 22:01:20.273171
2024-08-05 10:04:27,6b55336c-77fc-41f3-8475-a7367396ccbb,MSFT,BUY,0.0000,1,200,Status.FILLED,2026-03-25 22:01:36.120219
2024-08-05 10:04:27,6b55336c-77fc-41f3-8475-a7367396ccbb,MSFT,BUY,395.9400,1,200,Status.PARTIALLY_FILLED,2026-03-25 22:01:36.120219
2024-08-05 10:04:27,fbbd156d-d529-4dc0-8cad-23548b7c97ec,MSFT,SELL,395.7000,1,100,Status.FILLED,2026-03-25 22:01:45.145468
2024-08-05 10:04:27,6446ea58-6757-43f1-bd4f-b7617822eb76,MSFT,SELL,395.6400,1,200,Status.FILLED,2026-03-25 22:01:47.147264
2024-08-05 10:04:27,6446ea58-6757-43f1-bd4f-b7617822eb76,MSFT,SELL,395.6400,1,200,Status.PARTIALLY_FILLED,2026-03-25 22:01:47.147264
2024-08-05 10:04:57,cd74ae5e-777d-412b-af0e-d5235b7ec6b8,MSFT,BUY,0.0000,2,200,Status.CANCELED,2026-03-25 22:01:56.163216
2024-08-05 10:04:57,fda892d8-674a-48d4-a3b0-0dc13edfd5b1,MSFT,BUY,0.0000,2,200,Status.CANCELED,2026-03-25 22:01:57.375139
2024-08-05 10:04:57,1bd2bc11-6dbd-4cd5-bb45-d240d7e3ab26,MSFT,BUY,0.0000,2,200,Status.CANCELED,2026-03-25 22:01:58.380446
2024-08-05 10:04:57,e3becc10-80d4-4946-879d-92b3b4bf90c5,MSFT,BUY,0.0000,2,200,Status.CANCELED,2026-03-25 22:01:59.383131
2024-08-05 10:04:57,7260cb36-3bef-428b-a0ce-e53e45aac021,MSFT,BUY,395.5900,1,200,Status.FILLED,2026-03-25 22:02:00.383335
2024-08-05 10:04:57,7260cb36-3bef-428b-a0ce-e53e45aac021,MSFT,BUY,395.5900,1,200,Status.PARTIALLY_FILLED,2026-03-25 22:02:00.383335
2024-08-05 10:04:57,8dace428-41af-4d3d-bff0-1c4704e23b3f,MSFT,BUY,0.0000,1,100,Status.CANCELED,2026-03-25 22:02:01.385500
2024-08-05 10:04:57,35981419-4cb7-476a-bea0-0ae54918fea6,MSFT,SELL,395.4500,1,200,Status.FILLED,2026-03-25 22:02:20.253943
2024-08-05 10:04:57,35981419-4cb7-476a-bea0-0ae54918fea6,MSFT,SELL,395.4500,1,200,Status.PARTIALLY_FILLED,2026-03-25 22:02:20.253943
2024-08-05 10:05:27,43dc3709-c52a-4aaa-9cba-b783a5a753af,MSFT,BUY,395.3600,2,200,Status.FILLED,2026-03-25 22:02:29.318988
2024-08-05 10:05:27,5c23ad5e-f22d-401e-8804-95f73453b89d,MSFT,BUY,0.0000,1,200,Status.FILLED,2026-03-25 22:02:41.385513
2024-08-05 10:05:27,5c23ad5e-f22d-401e-8804-95f73453b89d,MSFT,BUY,395.9400,1,200,Status.PARTIALLY_FILLED,2026-03-25 22:02:41.385513
2024-08-05 10:05:27,b1769f92-5bf8-407e-b5fa-ef89f844a470,MSFT,SELL,0.0000,1,100,Status.CANCELED,2026-03-25 22:02:50.447128
2024-08-05 10:05:57,845d136a-8962-4762-b826-bb059551eccf,MSFT,SELL,0.0000,1,100,Status.CANCELED,2026-03-25 22:02:51.667422
2024-08-05 10:05:57,76350cb1-8cf6-4d47-8e20-e15c1ac5ac9c,MSFT,SELL,395.9700,1,100,Status.FILLED,2026-03-25 22:02:52.675573
2024-08-05 10:06:27,8bae461d-178e-458c-b340-2a39ce7326f7,MSFT,SELL,0.0000,1,200,Status.FILLED,2026-03-25 22:03:22.604896
2024-08-05 10:06:27,8bae461d-178e-458c-b340-2a39ce7326f7,MSFT,SELL,395.8300,1,200,Status.PARTIALLY_FILLED,2026-03-25 22:03:22.604896
2024-08-05 10:06:27,a6f8b6bf-8de5-44ee-8b21-7a04caaf4f6a,MSFT,BUY,0.0000,1,100,Status.CANCELED,2026-03-25 22:03:46.669730
2024-08-05 10:06:27,5908517a-123b-4a24-b5cf-5215c65f726b,MSFT,BUY,394.1700,1,100,Status.FILLED,2026-03-25 22:03:47.874935
2024-08-05 10:06:57,058b5a36-2a08-47a9-92ac-b5fd25bb5d3a,MSFT,BUY,0.0000,1,200,Status.FILLED,2026-03-25 22:04:15.691333
2024-08-05 10:06:57,058b5a36-2a08-47a9-92ac-b5fd25bb5d3a,MSFT,BUY,394.2500,1,200,Status.PARTIALLY_FILLED,2026-03-25 22:04:15.691333
2024-08-05 10:07:28,67c2322d-60ca-44b7-ac62-72f7755c5af7,MSFT,SELL,0.0000,1,100,Status.CANCELED,2026-03-25 22:04:24.735003
2024-08-05 10:07:28,bdb64e83-c6ce-4c7d-8ac0-d22e0c1a7486,MSFT,SELL,0.0000,1,100,Status.CANCELED,2026-03-25 22:04:25.940468
2024-08-05 10:07:28,ed9db340-5d90-43ff-8cf3-a61ec984b99c,MSFT,SELL,0.0000,1,100,Status.CANCELED,2026-03-25 22:04:26.945294
2024-08-05 10:07:28,d58e3122-17c6-4d9f-81eb-efcbdc22e2c9,MSFT,SELL,394.0900,1,300,Status.FILLED,2026-03-25 22:04:28.259729
2024-08-05 10:07:28,d58e3122-17c6-4d9f-81eb-efcbdc22e2c9,MSFT,SELL,394.0900,1,300,Status.PARTIALLY_FILLED,2026-03-25 22:04:28.259729
2024-08-05 10:07:28,c4bd4f27-5249-48d0-94a0-6f454a798646,MSFT,BUY,0.0000,2,200,Status.CANCELED,2026-03-25 22:04:36.795893
2024-08-05 10:07:28,03f4721d-ffdb-4f08-aa47-76ec1edea17a,MSFT,BUY,0.0000,3,400,Status.FILLED,2026-03-25 22:04:38.303939
2024-08-05 10:07:28,03f4721d-ffdb-4f08-aa47-76ec1edea17a,MSFT,BUY,394.3800,1,400,Status.PARTIALLY_FILLED,2026-03-25 22:04:38.303939
2024-08-05 10:07:28,62820fa1-72a8-45cc-bc3e-0d4f67689a73,MSFT,BUY,393.9000,1,100,Status.FILLED,2026-03-25 22:04:46.842647
2024-08-05 10:12:28,a292dc52-44fa-4176-af74-bf88f239fa32,MSFT,SELL,0.0000,1,200,Status.FILLED,2026-03-25 22:09:48.516513
2024-08-05 10:12:28,a292dc52-44fa-4176-af74-bf88f239fa32,MSFT,SELL,393.9700,1,200,Status.PARTIALLY_FILLED,2026-03-25 22:09:48.516513
2024-08-05 10:12:58,5d74f6ed-9cf0-4a15-a54c-a753853fe4a6,MSFT,BUY,0.0000,1,100,Status.CANCELED,2026-03-25 22:10:09.652693
2024-08-05 10:12:58,09ade80e-fef7-4464-a442-bc8f213e5cdd,MSFT,BUY,0.0000,1,100,Status.CANCELED,2026-03-25 22:10:10.862477
2024-08-05 10:12:58,515503f3-dbcf-4e29-8933-17f8067bc12a,MSFT,BUY,0.0000,1,100,Status.CANCELED,2026-03-25 22:10:11.863872
2024-08-05 10:12:58,bb6490c7-f787-499b-8f8a-94155044f248,MSFT,BUY,0.0000,1,100,Status.CANCELED,2026-03-25 22:10:12.870507
2024-08-05 10:12:58,ec19ca34-4ecd-4a5b-9568-2692043d1211,MSFT,BUY,0.0000,1,100,Status.CANCELED,2026-03-25 22:10:13.870197
2024-08-05 10:12:58,ef4e0bcb-ebcc-41d7-adbf-19ee3e0e9b2d,MSFT,BUY,0.0000,1,100,Status.CANCELED,2026-03-25 22:10:14.875146
2024-08-05 10:12:58,85243436-2639-4104-a28a-a5a5715ec889,MSFT,BUY,0.0000,3,300,Status.CANCELED,2026-03-25 22:10:16.173495
2024-08-05 10:12:58,e97f3580-2987-4014-929f-da5c646b8a19,MSFT,BUY,0.0000,2,300,Status.FILLED,2026-03-25 22:10:16.875317
2024-08-05 10:12:58,e97f3580-2987-4014-929f-da5c646b8a19,MSFT,BUY,393.4600,1,300,Status.PARTIALLY_FILLED,2026-03-25 22:10:16.875317
2024-08-05 10:13:29,a0b886b8-f0a3-4c9d-8b5d-f92487b0a832,MSFT,BUY,0.0000,2,200,Status.CANCELED,2026-03-25 22:10:33.696614
2024-08-05 10:13:29,67359519-2c0b-4c42-9ca3-005c904cb85a,MSFT,BUY,0.0000,2,200,Status.CANCELED,2026-03-25 22:10:34.903414
2024-08-05 10:13:29,1ebd144d-cd41-48b1-81bd-325ce1bfe505,MSFT,BUY,0.0000,2,200,Status.CANCELED,2026-03-25 22:10:35.902497
2024-08-05 10:13:29,85d4ae19-b098-4bd3-9967-da0db44efccb,MSFT,BUY,394.7300,2,200,Status.FILLED,2026-03-25 22:10:36.909565
2024-08-05 10:13:29,d59e3347-fe3b-4f5e-bdd4-30bd414a7080,MSFT,SELL,0.0000,2,200,Status.CANCELED,2026-03-25 22:10:48.762344
2024-08-05 10:13:29,7030ddd4-6c98-46c8-ad19-d2b440d672aa,MSFT,SELL,395.3400,1,200,Status.FILLED,2026-03-25 22:10:49.978545
2024-08-05 10:13:29,7030ddd4-6c98-46c8-ad19-d2b440d672aa,MSFT,SELL,395.3400,1,200,Status.PARTIALLY_FILLED,2026-03-25 22:10:49.978545
2024-08-05 10:14:59,a11a9d48-f317-4f9e-8a86-0e83a5be916b,MSFT,BUY,395.9100,1,200,Status.FILLED,2026-03-25 22:12:05.051959
2024-08-05 10:14:59,a11a9d48-f317-4f9e-8a86-0e83a5be916b,MSFT,BUY,395.9100,1,200,Status.PARTIALLY_FILLED,2026-03-25 22:12:05.051959
2024-08-05 10:14:59,06eaff6b-c9f8-41d8-96c4-f5dcc7a623b5,MSFT,SELL,0.0000,2,200,Status.CANCELED,2026-03-25 22:12:17.120316
2024-08-05 10:14:59,2db09f47-8f26-420f-8594-b4618a376047,MSFT,SELL,395.9100,1,200,Status.FILLED,2026-03-25 22:12:18.339174
2024-08-05 10:14:59,2db09f47-8f26-420f-8594-b4618a376047,MSFT,SELL,395.9100,1,200,Status.PARTIALLY_FILLED,2026-03-25 22:12:18.339174
2024-08-05 10:14:59,c4d5fbe9-e1fe-4379-bdd7-394aeb68bfe6,MSFT,SELL,395.9500,1,200,Status.FILLED,2026-03-25 22:12:20.143870
2024-08-05 10:14:59,c4d5fbe9-e1fe-4379-bdd7-394aeb68bfe6,MSFT,SELL,395.9500,1,200,Status.PARTIALLY_FILLED,2026-03-25 22:12:20.143870
2024-08-05 10:15:29,2057213f-f152-4da1-b4bf-9267c5bf3d0c,MSFT,BUY,395.8200,1,400,Status.FILLED,2026-03-25 22:12:29.695177
2024-08-05 10:15:29,2057213f-f152-4da1-b4bf-9267c5bf3d0c,MSFT,BUY,395.8200,1,400,Status.PARTIALLY_FILLED,2026-03-25 22:12:29.695177
2024-08-05 10:15:29,f21a1d77-11b0-4336-a8e9-bc44eea3d314,MSFT,SELL,0.0000,2,200,Status.CANCELED,2026-03-25 22:12:50.215611
2024-08-05 10:15:29,bf08f56b-3463-4a6b-a867-89a132e80926,MSFT,SELL,0.0000,2,200,Status.CANCELED,2026-03-25 22:12:51.415779
2024-08-05 10:15:29,cd9cf086-dd0f-4813-bd90-50abfeb65198,MSFT,SELL,0.0000,2,200,Status.CANCELED,2026-03-25 22:12:52.417992
2024-08-05 10:15:59,8778966e-9b12-404f-9f6b-43b65e692d5c,MSFT,SELL,0.0000,2,200,Status.CANCELED,2026-03-25 22:12:53.419270
2024-08-05 10:15:59,b3b217ca-928a-44b8-9bf2-099c397f556a,MSFT,SELL,0.0000,1,200,Status.FILLED,2026-03-25 22:12:54.431278
2024-08-05 10:15:59,b3b217ca-928a-44b8-9bf2-099c397f556a,MSFT,SELL,395.6600,1,200,Status.PARTIALLY_FILLED,2026-03-25 22:12:54.431278
2024-08-05 10:15:59,9fd0551c-3e20-427d-83aa-df6a49059172,MSFT,SELL,0.0000,1,100,Status.CANCELED,2026-03-25 22:12:55.446657
2024-08-05 10:15:59,f15edf35-ad36-4a28-8220-bab72a50273c,MSFT,SELL,395.6100,1,300,Status.FILLED,2026-03-25 22:12:56.747591
2024-08-05 10:15:59,f15edf35-ad36-4a28-8220-bab72a50273c,MSFT,SELL,395.6100,2,300,Status.PARTIALLY_FILLED,2026-03-25 22:12:56.747591
2024-08-05 10:15:59,b6f3735c-1e15-49e6-8971-e25dd5a55561,MSFT,BUY,0.0000,2,200,Status.CANCELED,2026-03-25 22:13:05.280499
2024-08-05 10:15:59,87fd40dc-0b8c-4e8d-876a-aa993e76295a,MSFT,BUY,0.0000,2,200,Status.CANCELED,2026-03-25 22:13:06.503382
2024-08-05 10:15:59,cb33a77f-9d63-4b8a-8cd8-2d8e09cf6ba4,MSFT,BUY,0.0000,2,200,Status.CANCELED,2026-03-25 22:13:07.500257
2024-08-05 10:15:59,7c7e027a-2717-4ec9-b5ba-4e2f8fcee9da,MSFT,BUY,0.0000,1,200,Status.FILLED,2026-03-25 22:13:08.511956
2024-08-05 10:15:59,7c7e027a-2717-4ec9-b5ba-4e2f8fcee9da,MSFT,BUY,395.7200,1,200,Status.PARTIALLY_FILLED,2026-03-25 22:13:08.511956
2024-08-05 10:15:59,dee6cd40-7e08-4998-afd0-926c2cb3c784,MSFT,BUY,0.0000,1,100,Status.CANCELED,2026-03-25 22:13:09.518980
2024-08-05 10:15:59,c6b5daf0-a771-4fc8-9316-896680f50266,MSFT,BUY,395.6800,1,100,Status.FILLED,2026-03-25 22:13:10.522251
2024-08-05 10:16:29,24481d3c-6b4c-44c3-9c8b-2d1c4c5738ba,MSFT,BUY,395.8400,1,200,Status.FILLED,2026-03-25 22:13:25.357928
2024-08-05 10:16:29,24481d3c-6b4c-44c3-9c8b-2d1c4c5738ba,MSFT,BUY,395.8400,1,200,Status.PARTIALLY_FILLED,2026-03-25 22:13:25.357928
2024-08-05 10:16:29,07022e9a-2529-47e5-b67d-3d2d5b2fb302,MSFT,BUY,0.0000,2,200,Status.CANCELED,2026-03-25 22:13:26.563830
2024-08-05 10:16:29,b4fff54f-6267-4e9f-9124-29692df7d623,MSFT,SELL,0.0000,2,200,Status.CANCELED,2026-03-25 22:13:41.416783
2024-08-05 10:16:29,2558ea10-4e61-4836-80bc-b2879932be84,MSFT,SELL,0.0000,2,200,Status.CANCELED,2026-03-25 22:13:42.618141
2024-08-05 10:16:29,f94b3617-4f5d-4391-8a72-a22dc38c95fa,MSFT,SELL,0.0000,2,200,Status.CANCELED,2026-03-25 22:13:43.619461
2024-08-05 10:16:29,a3daec2f-d38b-49c5-a8de-8070e24d3711,MSFT,SELL,0.0000,2,200,Status.CANCELED,2026-03-25 22:13:44.620193
2024-08-05 10:16:29,9e956f9f-60db-413b-be9b-4a5cd3b9d142,MSFT,SELL,395.8100,1,200,Status.FILLED,2026-03-25 22:13:45.626268
2024-08-05 10:16:29,9e956f9f-60db-413b-be9b-4a5cd3b9d142,MSFT,SELL,395.8100,1,200,Status.PARTIALLY_FILLED,2026-03-25 22:13:45.626268
2024-08-05 10:17:29,6cde15b1-d8d0-4284-bf73-f082499876c6,MSFT,SELL,395.2000,2,200,Status.FILLED,2026-03-25 22:14:42.552693
2024-08-05 10:17:29,964b4f48-9f52-48e9-810f-ffc8d020af11,MSFT,BUY,395.2100,1,200,Status.FILLED,2026-03-25 22:14:51.558291
2024-08-05 10:17:29,964b4f48-9f52-48e9-810f-ffc8d020af11,MSFT,BUY,395.2100,1,200,Status.PARTIALLY_FILLED,2026-03-25 22:14:51.558291
2024-08-05 10:17:59,4b0857a8-1d52-4b77-9239-caab5822c8e1,MSFT,SELL,395.0900,1,200,Status.FILLED,2026-03-25 22:14:58.562944
2024-08-05 10:17:59,4b0857a8-1d52-4b77-9239-caab5822c8e1,MSFT,SELL,395.0900,1,200,Status.PARTIALLY_FILLED,2026-03-25 22:14:58.562944
2024-08-05 10:17:59,c076e8d3-0756-468f-9e1d-c85a1e4f1d4f,MSFT,BUY,395.4300,1,200,Status.FILLED,2026-03-25 22:15:07.617852
2024-08-05 10:17:59,c076e8d3-0756-468f-9e1d-c85a1e4f1d4f,MSFT,BUY,395.4300,1,200,Status.PARTIALLY_FILLED,2026-03-25 22:15:07.617852
2024-08-05 10:19:00,d3a4fb57-1205-4f1f-a2a0-d007a8c43f30,MSFT,SELL,396.4900,1,200,Status.FILLED,2026-03-25 22:16:15.001015
2024-08-05 10:19:00,d3a4fb57-1205-4f1f-a2a0-d007a8c43f30,MSFT,SELL,396.4900,1,200,Status.PARTIALLY_FILLED,2026-03-25 22:16:15.001015
2024-08-05 10:19:30,69a15d88-606b-4fa1-b4c1-c8cfd0b695e6,MSFT,BUY,0.0000,2,200,Status.CANCELED,2026-03-25 22:16:24.050125
2024-08-05 10:19:30,375abb2b-c905-436b-b29f-39400b537f01,MSFT,BUY,0.0000,2,200,Status.CANCELED,2026-03-25 22:16:25.274018
2024-08-05 10:19:30,b3f48b46-cd98-421d-bcb4-cba70875a561,MSFT,BUY,396.2100,1,200,Status.FILLED,2026-03-25 22:16:26.279700
2024-08-05 10:19:30,b3f48b46-cd98-421d-bcb4-cba70875a561,MSFT,BUY,396.2100,1,200,Status.PARTIALLY_FILLED,2026-03-25 22:16:26.279700
2024-08-05 10:21:30,8bf6bc9c-1c80-4f78-995c-de649dcdade9,MSFT,BUY,0.0000,2,200,Status.CANCELED,2026-03-25 22:18:34.654383
2024-08-05 10:21:30,b4031926-bd63-48ce-abf4-1fc960497a32,MSFT,BUY,396.7300,1,200,Status.FILLED,2026-03-25 22:18:35.854598
2024-08-05 10:21:30,b4031926-bd63-48ce-abf4-1fc960497a32,MSFT,BUY,396.7300,1,200,Status.PARTIALLY_FILLED,2026-03-25 22:18:35.854598
2024-08-05 10:21:30,78071c22-4fbb-41e8-a9f8-2ddb17ffb198,MSFT,SELL,396.6700,2,200,Status.FILLED,2026-03-25 22:18:44.668964
2024-08-05 10:22:30,2f6d325c-af3d-4629-95f3-bdb080c340ec,MSFT,BUY,397.3000,1,200,Status.FILLED,2026-03-25 22:19:29.738964
2024-08-05 10:22:30,2f6d325c-af3d-4629-95f3-bdb080c340ec,MSFT,BUY,397.3000,1,200,Status.PARTIALLY_FILLED,2026-03-25 22:19:29.738964
2024-08-05 10:22:30,72e8ba31-0428-4baa-b340-fb3e2f017873,MSFT,SELL,0.0000,2,200,Status.CANCELED,2026-03-25 22:19:38.747249
2024-08-05 10:22:30,ab7c5a0e-a29c-4e5f-93d9-3fce1ceb614b,MSFT,SELL,0.0000,2,200,Status.CANCELED,2026-03-25 22:19:39.948723
2024-08-05 10:22:30,8e31de72-5788-4b80-8319-ab8c8cdbddde,MSFT,SELL,397.3600,1,200,Status.FILLED,2026-03-25 22:19:40.957591
2024-08-05 10:22:30,8e31de72-5788-4b80-8319-ab8c8cdbddde,MSFT,SELL,397.3600,1,200,Status.PARTIALLY_FILLED,2026-03-25 22:19:40.957591
2024-08-05 10:22:30,5b955abb-bf8b-4240-a4d9-32767a5bc7fd,MSFT,BUY,397.0800,1,200,Status.FILLED,2026-03-25 22:19:44.753071
2024-08-05 10:22:30,5b955abb-bf8b-4240-a4d9-32767a5bc7fd,MSFT,BUY,397.0800,1,200,Status.PARTIALLY_FILLED,2026-03-25 22:19:44.753071
2024-08-05 10:22:30,edb25ceb-a955-4257-8064-996760666590,MSFT,SELL,0.0000,2,200,Status.CANCELED,2026-03-25 22:19:53.763787
2024-08-05 10:23:01,ad51247f-aba8-4e79-a109-50ab3ef467e7,MSFT,SELL,0.0000,1,200,Status.FILLED,2026-03-25 22:19:54.964696
2024-08-05 10:23:01,ad51247f-aba8-4e79-a109-50ab3ef467e7,MSFT,SELL,396.5700,1,200,Status.PARTIALLY_FILLED,2026-03-25 22:19:54.964696
2024-08-05 10:23:01,6727a1cd-c254-4237-a9b9-80c80c7b120b,MSFT,SELL,0.0000,2,200,Status.CANCELED,2026-03-25 22:19:55.970609
2024-08-05 10:23:01,8dd75610-bece-4225-a161-4941ada6d8bc,MSFT,SELL,0.0000,1,100,Status.CANCELED,2026-03-25 22:19:56.967575
2024-08-05 10:23:01,550f8123-a182-4e6b-b12c-b2e377e3aafe,MSFT,SELL,0.0000,1,100,Status.CANCELED,2026-03-25 22:19:57.970194
2024-08-05 10:23:01,cbde1bde-4165-44d1-be24-3b510cbd007f,MSFT,SELL,0.0000,1,100,Status.CANCELED,2026-03-25 22:19:58.970035
2024-08-05 10:23:01,f1625899-c8b9-4260-8f7f-8963f20f5e1a,MSFT,SELL,0.0000,1,100,Status.CANCELED,2026-03-25 22:19:59.971299
2024-08-05 10:23:01,49abe940-20ad-4c07-993e-a5aa9c787b59,MSFT,SELL,0.0000,1,100,Status.CANCELED,2026-03-25 22:20:00.973466
2024-08-05 10:23:01,a550743b-ae06-44e5-98c3-5790d0c1f7ac,MSFT,SELL,396.5400,1,100,Status.FILLED,2026-03-25 22:20:01.972973
2024-08-05 10:23:31,4aecef3a-8916-4eab-b584-714ec03e3337,MSFT,SELL,0.0000,2,200,Status.CANCELED,2026-03-25 22:20:24.800684
2024-08-05 10:23:31,3442413e-5d3f-49be-9863-b752cc664517,MSFT,SELL,0.0000,1,200,Status.FILLED,2026-03-25 22:20:26.005644
2024-08-05 10:23:31,3442413e-5d3f-49be-9863-b752cc664517,MSFT,SELL,395.5600,1,200,Status.PARTIALLY_FILLED,2026-03-25 22:20:26.005644
2024-08-05 10:23:31,2cf56e8b-0301-4427-9bac-a1d3705cb0c3,MSFT,BUY,0.0000,1,100,Status.CANCELED,2026-03-25 22:20:49.826073
2024-08-05 10:23:31,a57ff124-5ea4-40d1-9d9b-6a177df0a509,MSFT,BUY,0.0000,1,100,Status.CANCELED,2026-03-25 22:20:51.025854
2024-08-05 10:23:31,c42d9eb3-f5c5-4616-8d86-e8355a9fc641,MSFT,BUY,0.0000,1,100,Status.CANCELED,2026-03-25 22:20:52.028028
2024-08-05 10:23:31,4ea332ce-1737-42ee-bca8-d53f0d2c1c2a,MSFT,BUY,0.0000,1,100,Status.CANCELED,2026-03-25 22:20:53.038409
2024-08-05 10:23:31,f159db70-86f2-43c9-93db-1fa57cc1960e,MSFT,BUY,395.1600,1,100,Status.FILLED,2026-03-25 22:20:54.034321
2024-08-05 10:24:31,cf9b3528-7339-4b5b-8d54-7ebb7e105f26,MSFT,BUY,0.0000,2,200,Status.CANCELED,2026-03-25 22:21:27.993335
2024-08-05 10:24:31,ae1deac2-cf8d-42aa-a88c-7fb1c2043936,MSFT,BUY,0.0000,1,200,Status.FILLED,2026-03-25 22:21:29.210413
2024-08-05 10:24:31,ae1deac2-cf8d-42aa-a88c-7fb1c2043936,MSFT,BUY,395.1500,1,200,Status.PARTIALLY_FILLED,2026-03-25 22:21:29.210413
2024-08-05 10:24:31,38947df9-eeb0-4fdd-ae88-49be97401bac,MSFT,SELL,395.3700,1,100,Status.FILLED,2026-03-25 22:21:38.054097
2024-08-05 10:25:31,408aa129-7f86-4b26-b89d-42a36ebaf24b,MSFT,BUY,396.7500,1,200,Status.FILLED,2026-03-25 22:22:47.202556
2024-08-05 10:25:31,408aa129-7f86-4b26-b89d-42a36ebaf24b,MSFT,BUY,396.7500,1,200,Status.PARTIALLY_FILLED,2026-03-25 22:22:47.202556
2024-08-05 10:26:01,2cd1e044-abc0-4d7b-af3b-7af25dea8fd5,MSFT,SELL,0.0000,2,200,Status.CANCELED,2026-03-25 22:22:56.225749
2024-08-05 10:26:01,66487af9-21c1-438f-af2f-a5179a14693f,MSFT,SELL,0.0000,2,200,Status.CANCELED,2026-03-25 22:22:57.427129
2024-08-05 10:26:01,7944d07f-a4b8-4f73-9482-5aa6ca1c5596,MSFT,SELL,0.0000,2,200,Status.CANCELED,2026-03-25 22:22:58.426754
2024-08-05 10:26:01,491686f5-db39-40a6-bc56-3596f6b04d91,MSFT,SELL,396.7900,1,200,Status.FILLED,2026-03-25 22:22:59.431821
2024-08-05 10:26:01,491686f5-db39-40a6-bc56-3596f6b04d91,MSFT,SELL,396.7900,1,200,Status.PARTIALLY_FILLED,2026-03-25 22:22:59.431821
2024-08-05 10:34:33,946cded1-124a-413a-86bd-f66b881c7480,MSFT,BUY,395.9100,1,200,Status.FILLED,2026-03-25 22:31:36.119609
2024-08-05 10:34:33,946cded1-124a-413a-86bd-f66b881c7480,MSFT,BUY,395.9100,1,200,Status.PARTIALLY_FILLED,2026-03-25 22:31:36.119609
2024-08-05 10:34:33,e97cd76f-a35c-4dea-b889-41841bcf5d50,MSFT,SELL,0.0000,2,200,Status.CANCELED,2026-03-25 22:31:45.145721
2024-08-05 10:34:33,39fb7d4c-2564-460c-aedf-5e1bfec54592,MSFT,SELL,0.0000,2,200,Status.CANCELED,2026-03-25 22:31:46.346506
2024-08-05 10:34:33,9c3e2843-54fe-4119-aee2-652e6e03e916,MSFT,SELL,0.0000,2,200,Status.CANCELED,2026-03-25 22:31:47.356983
2024-08-05 10:34:33,7f862dc6-1201-46c3-9169-594c5433a9bb,MSFT,SELL,395.9700,2,200,Status.FILLED,2026-03-25 22:31:48.357601
2024-08-05 10:34:33,56233eb3-72fb-485f-8337-b5cbde201a3f,MSFT,SELL,0.0000,2,200,Status.CANCELED,2026-03-25 22:31:49.355445
2024-08-05 10:38:34,06163e27-83c3-44f8-b35b-f446cd4b3217,MSFT,BUY,0.0000,2,200,Status.CANCELED,2026-03-25 22:35:36.862308
2024-08-05 10:38:34,091bc0b1-0b21-48db-9b15-800f38a0169e,MSFT,BUY,0.0000,2,200,Status.CANCELED,2026-03-25 22:35:38.067824
2024-08-05 10:38:34,bcf06d8d-6b68-468a-ad59-a9460b2ff938,MSFT,BUY,398.1800,1,200,Status.FILLED,2026-03-25 22:35:39.077459
2024-08-05 10:38:34,bcf06d8d-6b68-468a-ad59-a9460b2ff938,MSFT,BUY,398.1800,1,200,Status.PARTIALLY_FILLED,2026-03-25 22:35:39.077459
2024-08-05 10:38:34,34ef7617-9edf-4f62-9f6f-998135756d78,MSFT,SELL,0.0000,1,200,Status.FILLED,2026-03-25 22:35:47.918290
2024-08-05 10:38:34,34ef7617-9edf-4f62-9f6f-998135756d78,MSFT,SELL,398.2800,1,200,Status.PARTIALLY_FILLED,2026-03-25 22:35:47.918290
2024-08-05 10:38:34,4d0aa9d4-14b0-4b33-a905-07f158a159cb,MSFT,SELL,0.0000,1,100,Status.CANCELED,2026-03-25 22:35:49.133127
2024-08-05 10:38:34,6a1208d6-ecda-4a00-a38c-b787a293489b,MSFT,SELL,0.0000,1,100,Status.CANCELED,2026-03-25 22:35:50.144796
2024-08-05 10:38:34,2007dd86-b7a5-4962-ad52-f88a239ceedd,MSFT,SELL,0.0000,1,100,Status.CANCELED,2026-03-25 22:35:51.144485
2024-08-05 10:38:34,74924342-f8c3-4243-84fe-3d05cb2d92b2,MSFT,SELL,0.0000,1,100,Status.CANCELED,2026-03-25 22:35:52.157920
2024-08-05 10:38:34,72628bb3-908f-4e20-9ae5-356b978fb4c6,MSFT,SELL,398.3100,1,100,Status.FILLED,2026-03-25 22:35:53.163918
2024-08-05 10:40:34,3c0335e6-63ca-4edb-84be-c0577fb59886,MSFT,SELL,0.0000,1,200,Status.FILLED,2026-03-25 22:37:54.454885
2024-08-05 10:40:34,3c0335e6-63ca-4edb-84be-c0577fb59886,MSFT,SELL,398.1900,1,200,Status.PARTIALLY_FILLED,2026-03-25 22:37:54.454885
2024-08-05 10:41:04,f9899161-2f2d-4c43-8088-4cc99b015750,MSFT,BUY,0.0000,1,100,Status.CANCELED,2026-03-25 22:38:09.514286
2024-08-05 10:41:04,3e8544b2-fa2b-4f4b-85b0-2582600deefa,MSFT,BUY,0.0000,1,100,Status.CANCELED,2026-03-25 22:38:10.729494
2024-08-05 10:41:04,4ec80924-b99a-4e55-ab2c-b07b3dd3018c,MSFT,BUY,0.0000,1,100,Status.CANCELED,2026-03-25 22:38:11.739504
2024-08-05 10:41:04,e239a553-1bdd-4c80-9176-c6b52b9ef64b,MSFT,BUY,397.6300,1,100,Status.FILLED,2026-03-25 22:38:12.740985
2024-08-05 10:41:34,d7abe779-87d0-4026-a21c-85d972477bcd,MSFT,BUY,397.9400,1,200,Status.FILLED,2026-03-25 22:38:39.650844
2024-08-05 10:41:34,d7abe779-87d0-4026-a21c-85d972477bcd,MSFT,BUY,397.9400,1,200,Status.PARTIALLY_FILLED,2026-03-25 22:38:39.650844
2024-08-05 10:41:34,66dd101e-55b2-45d0-afd4-12782c164c13,MSFT,SELL,0.0000,1,200,Status.FILLED,2026-03-25 22:38:48.681810
2024-08-05 10:41:34,66dd101e-55b2-45d0-afd4-12782c164c13,MSFT,SELL,398.0200,1,200,Status.PARTIALLY_FILLED,2026-03-25 22:38:48.681810
2024-08-05 10:41:34,503c224d-e9b1-40ed-947e-aab3e160b7aa,MSFT,SELL,398.0300,1,100,Status.FILLED,2026-03-25 22:38:49.890559
2024-08-05 10:43:05,a04a9bdc-b63c-45c0-b1f0-4492f0d8cc51,MSFT,SELL,0.0000,2,200,Status.CANCELED,2026-03-25 22:40:20.954683
2024-08-05 10:43:05,eb89e8d9-3ffa-4803-bec6-6dcb23ee11ca,MSFT,SELL,0.0000,2,200,Status.CANCELED,2026-03-25 22:40:22.158344
2024-08-05 10:43:05,4a245c0a-9181-439b-99dd-959d9df6c77f,MSFT,SELL,398.0800,1,200,Status.FILLED,2026-03-25 22:40:23.164868
2024-08-05 10:43:05,4a245c0a-9181-439b-99dd-959d9df6c77f,MSFT,SELL,398.0800,1,200,Status.PARTIALLY_FILLED,2026-03-25 22:40:23.164868
2024-08-05 10:43:35,356eb618-6229-458e-bc29-9f40ebe358a7,MSFT,BUY,0.0000,4,400,Status.CANCELED,2026-03-25 22:40:32.526681
2024-08-05 10:43:35,b6d557ce-feb6-429e-b0ef-1fce708a6601,MSFT,BUY,0.0000,4,400,Status.CANCELED,2026-03-25 22:40:33.237781
2024-08-05 10:43:35,9c8411bb-5ebb-4c21-8dab-0be6e6f10d1b,MSFT,BUY,0.0000,4,400,Status.CANCELED,2026-03-25 22:40:34.237687
2024-08-05 10:43:35,6b00dc39-f353-49eb-be4d-ed12f34a1fc4,MSFT,BUY,0.0000,3,400,Status.FILLED,2026-03-25 22:40:35.241150
2024-08-05 10:43:35,6b00dc39-f353-49eb-be4d-ed12f34a1fc4,MSFT,BUY,399.0000,1,400,Status.PARTIALLY_FILLED,2026-03-25 22:40:35.241150
2024-08-05 10:43:35,e036efa4-507f-4df7-a230-0ed1dd2dbca3,MSFT,BUY,399.0700,1,300,Status.FILLED,2026-03-25 22:40:44.616230
2024-08-05 10:43:35,e036efa4-507f-4df7-a230-0ed1dd2dbca3,MSFT,BUY,399.0700,1,300,Status.PARTIALLY_FILLED,2026-03-25 22:40:44.616230
2024-08-05 10:43:35,e036efa4-507f-4df7-a230-0ed1dd2dbca3,MSFT,BUY,399.0300,1,300,Status.PARTIALLY_FILLED,2026-03-25 22:40:44.616230
2024-08-05 10:43:35,b323b714-292b-4ddb-8db7-ac08d594b026,MSFT,SELL,0.0000,2,400,Status.FILLED,2026-03-25 22:40:53.647426
2024-08-05 10:43:35,b323b714-292b-4ddb-8db7-ac08d594b026,MSFT,SELL,398.3700,1,400,Status.PARTIALLY_FILLED,2026-03-25 22:40:53.647426
2024-08-05 10:44:05,8e1c0de2-9291-47ce-89ac-32e7a2d4a360,MSFT,SELL,397.8100,2,200,Status.FILLED,2026-03-25 22:41:08.226980
2024-08-05 10:44:35,d342281f-e01a-41f3-b63b-9e671b9117ca,MSFT,BUY,0.0000,2,200,Status.CANCELED,2026-03-25 22:41:29.352578
2024-08-05 10:44:35,6cb33eb4-94fc-4b93-88dc-cc2fb4ac7c00,MSFT,BUY,0.0000,2,200,Status.CANCELED,2026-03-25 22:41:30.564625
2024-08-05 10:44:35,0c70c0da-5d57-48c9-8e2c-71493e87e989,MSFT,BUY,0.0000,1,200,Status.FILLED,2026-03-25 22:41:31.565063
2024-08-05 10:44:35,0c70c0da-5d57-48c9-8e2c-71493e87e989,MSFT,BUY,397.4700,1,200,Status.PARTIALLY_FILLED,2026-03-25 22:41:31.565063
2024-08-05 10:44:35,bb173cfe-41fd-4ee3-bd0b-33143d0fcea5,MSFT,BUY,397.4700,1,100,Status.FILLED,2026-03-25 22:41:32.564768
2024-08-05 10:44:35,6472e46b-98aa-49fc-bd8f-f556d94727d9,MSFT,SELL,0.0000,1,200,Status.FILLED,2026-03-25 22:41:50.464500
2024-08-05 10:44:35,6472e46b-98aa-49fc-bd8f-f556d94727d9,MSFT,SELL,397.1500,1,200,Status.PARTIALLY_FILLED,2026-03-25 22:41:50.464500
2024-08-05 10:44:35,a9255b89-7322-4f6a-9cc5-8323fa04eaf1,MSFT,BUY,396.8800,1,100,Status.FILLED,2026-03-25 22:41:59.505458
2024-08-05 10:46:36,04434eb3-2076-446e-98e9-6caae5100926,MSFT,BUY,0.0000,2,200,Status.CANCELED,2026-03-25 22:43:37.839347
2024-08-05 10:46:36,bfa208bc-f4ed-45aa-8356-8a55034885c9,MSFT,BUY,0.0000,1,200,Status.FILLED,2026-03-25 22:43:39.042841
2024-08-05 10:46:36,bfa208bc-f4ed-45aa-8356-8a55034885c9,MSFT,BUY,397.5500,1,200,Status.PARTIALLY_FILLED,2026-03-25 22:43:39.042841
2024-08-05 10:46:36,12bc4be8-5614-4211-9197-9dc7fa4ae376,MSFT,SELL,0.0000,1,100,Status.CANCELED,2026-03-25 22:43:50.881811
2024-08-05 10:46:36,2fe02f56-c8ba-4b2b-af66-64132c54ca01,MSFT,SELL,0.0000,1,100,Status.CANCELED,2026-03-25 22:43:52.089753
2024-08-05 10:46:36,03c34d6e-6195-40de-84f6-2411e8bb4419,MSFT,SELL,0.0000,1,100,Status.CANCELED,2026-03-25 22:43:53.093300
2024-08-05 10:46:36,0856858c-865e-470d-ac76-08bd6161fbc3,MSFT,SELL,0.0000,1,100,Status.CANCELED,2026-03-25 22:43:54.094613
2024-08-05 10:46:36,cb7fdb40-1626-4432-8055-0c33b08012f6,MSFT,SELL,0.0000,1,100,Status.CANCELED,2026-03-25 22:43:55.089810
2024-08-05 10:46:36,c82272cf-07c4-4475-8946-1a3e2ce728f1,MSFT,SELL,0.0000,1,100,Status.CANCELED,2026-03-25 22:43:56.097418
2024-08-05 10:46:36,d9c2e66a-8e33-45d8-bdc7-48f25a70b66b,MSFT,SELL,0.0000,1,100,Status.CANCELED,2026-03-25 22:43:57.101539
2024-08-05 10:46:36,4909ea46-bc4c-43ca-952a-402f58f993ff,MSFT,SELL,0.0000,1,100,Status.CANCELED,2026-03-25 22:43:58.106232
2024-08-05 10:46:36,c74370d9-1c41-4736-bbb1-f30c31235ec9,MSFT,SELL,0.0000,1,100,Status.CANCELED,2026-03-25 22:43:59.104414
2024-08-05 10:47:06,06f1dfb3-f0f1-4d47-b00c-572d0341bf4d,MSFT,SELL,0.0000,1,100,Status.CANCELED,2026-03-25 22:44:00.113592
2024-08-05 10:47:06,b7eea9d7-4ede-44c7-bea5-e6f9eccd8ab4,MSFT,SELL,0.0000,1,100,Status.CANCELED,2026-03-25 22:44:01.122967
2024-08-05 10:47:06,b0beb15d-8280-4a13-af13-5dfa67532830,MSFT,SELL,0.0000,1,100,Status.CANCELED,2026-03-25 22:44:02.120862
2024-08-05 10:47:06,ee77a3b1-4bf0-45a1-8fd3-1d7c357d12d4,MSFT,SELL,0.0000,1,100,Status.CANCELED,2026-03-25 22:44:03.130314
2024-08-05 10:47:06,12d35a50-7d2e-46e7-81d4-a123b64ce588,MSFT,SELL,0.0000,1,100,Status.CANCELED,2026-03-25 22:44:04.133605
2024-08-05 10:47:06,457adbd4-7ba1-4b2c-a5ca-1c6b5945f6c5,MSFT,SELL,0.0000,1,100,Status.CANCELED,2026-03-25 22:44:05.129901
2024-08-05 10:47:06,001bf29f-0f96-458a-bf47-ae2955775c6f,MSFT,SELL,397.9900,1,100,Status.FILLED,2026-03-25 22:44:06.130781
2024-08-05 10:48:36,2fa7849c-39e7-46e0-8b52-4bbc561041bb,MSFT,SELL,396.7400,1,200,Status.FILLED,2026-03-25 22:45:42.227780
2024-08-05 10:48:36,2fa7849c-39e7-46e0-8b52-4bbc561041bb,MSFT,SELL,396.7400,1,200,Status.PARTIALLY_FILLED,2026-03-25 22:45:42.227780
2024-08-05 10:48:36,e3db2f66-1b11-49fc-9163-5f696a2e4559,MSFT,BUY,0.0000,2,200,Status.CANCELED,2026-03-25 22:45:51.252573
2024-08-05 10:48:36,b44c3664-d5fa-4651-a6c2-1447a322f64e,MSFT,BUY,0.0000,2,200,Status.CANCELED,2026-03-25 22:45:52.453850
2024-08-05 10:48:36,ac4b9625-a7ce-415a-bd91-00c44382144c,MSFT,BUY,0.0000,2,200,Status.CANCELED,2026-03-25 22:45:53.457100
2024-08-05 10:48:36,8bd99a50-0c3e-4a8d-b513-8b109742ea64,MSFT,BUY,0.0000,2,200,Status.CANCELED,2026-03-25 22:45:54.459479
2024-08-05 10:48:36,a213357e-d11d-4212-b3d5-ae4e1c107edf,MSFT,BUY,0.0000,2,200,Status.CANCELED,2026-03-25 22:45:55.465406
2024-08-05 10:48:36,844051c8-599f-470c-bc6b-beae8f532381,MSFT,BUY,397.0300,1,400,Status.FILLED,2026-03-25 22:45:56.764499
2024-08-05 10:48:36,844051c8-599f-470c-bc6b-beae8f532381,MSFT,BUY,397.0300,2,400,Status.PARTIALLY_FILLED,2026-03-25 22:45:56.764499
2024-08-05 10:48:36,844051c8-599f-470c-bc6b-beae8f532381,MSFT,BUY,397.0300,1,400,Status.PARTIALLY_FILLED,2026-03-25 22:45:56.764499
2024-08-05 10:49:06,71838cbb-4433-4daa-9739-b837f59dc497,MSFT,SELL,397.2800,1,200,Status.FILLED,2026-03-25 22:46:05.280972
2024-08-05 10:49:06,71838cbb-4433-4daa-9739-b837f59dc497,MSFT,SELL,397.2800,1,200,Status.PARTIALLY_FILLED,2026-03-25 22:46:05.280972
2024-08-05 10:50:06,5512b58f-6e10-4da1-90a6-094fed5fe100,MSFT,SELL,0.0000,2,200,Status.CANCELED,2026-03-25 22:47:18.514163
2024-08-05 10:50:06,fbb48436-b977-4cdf-bb99-85525a0de060,MSFT,SELL,0.0000,2,200,Status.CANCELED,2026-03-25 22:47:19.716253
2024-08-05 10:50:06,87d09992-588f-4473-b530-effd054ae0e0,MSFT,SELL,0.0000,2,200,Status.CANCELED,2026-03-25 22:47:20.718693
2024-08-05 10:50:06,36f51fb3-d44b-4c2b-a35c-5a01e292d559,MSFT,SELL,0.0000,2,200,Status.CANCELED,2026-03-25 22:47:21.726237
2024-08-05 10:50:06,f0a870c4-73aa-431c-956c-eaf9b66bcc49,MSFT,SELL,0.0000,2,200,Status.CANCELED,2026-03-25 22:47:22.720253
2024-08-05 10:50:06,b64ad937-a1a2-4220-bc99-480d653e0e73,MSFT,SELL,396.8500,1,200,Status.FILLED,2026-03-25 22:47:23.726452
2024-08-05 10:50:06,b64ad937-a1a2-4220-bc99-480d653e0e73,MSFT,SELL,396.8500,1,200,Status.PARTIALLY_FILLED,2026-03-25 22:47:23.726452
2024-08-05 10:50:36,51631246-2faf-43bf-be8b-b72617ba72de,MSFT,BUY,0.0000,2,200,Status.CANCELED,2026-03-25 22:47:35.559968
2024-08-05 10:50:36,07b6ad85-82c1-4203-9de4-cace1f6e8e6f,MSFT,BUY,0.0000,2,200,Status.CANCELED,2026-03-25 22:47:36.764886
2024-08-05 10:50:36,d0f7689a-2105-4c99-afe9-80c120f7a3b5,MSFT,BUY,0.0000,2,200,Status.CANCELED,2026-03-25 22:47:37.766941
2024-08-05 10:50:36,4f6dfc33-68b4-4355-a8a1-df6d46e36537,MSFT,BUY,0.0000,2,200,Status.CANCELED,2026-03-25 22:47:38.771923
2024-08-05 10:50:36,4137aa52-26db-4722-a032-34f48b157ed1,MSFT,BUY,0.0000,1,200,Status.FILLED,2026-03-25 22:47:39.773097
2024-08-05 10:50:36,4137aa52-26db-4722-a032-34f48b157ed1,MSFT,BUY,396.7700,1,200,Status.PARTIALLY_FILLED,2026-03-25 22:47:39.773097
2024-08-05 10:50:36,aa04f1a2-edc9-4b5a-a01f-32517ebf3f21,MSFT,BUY,0.0000,1,100,Status.CANCELED,2026-03-25 22:47:40.779127
2024-08-05 10:50:36,6bff675b-0068-46e4-87fc-9f843e99b478,MSFT,BUY,396.7300,1,100,Status.FILLED,2026-03-25 22:47:41.781121
2024-08-05 10:50:36,11836254-5faa-41ff-9d6f-68183696f4d0,MSFT,BUY,0.0000,1,100,Status.CANCELED,2026-03-25 22:47:42.779769
2024-08-05 10:51:06,cb533a85-8f2f-48f1-813e-5aeaf44455fc,MSFT,SELL,0.0000,2,200,Status.CANCELED,2026-03-25 22:48:14.674011
2024-08-05 10:51:06,479e671d-fc52-42ee-9e69-026fecdf4756,MSFT,SELL,396.0900,1,200,Status.FILLED,2026-03-25 22:48:15.876463
2024-08-05 10:51:06,479e671d-fc52-42ee-9e69-026fecdf4756,MSFT,SELL,396.0900,1,200,Status.PARTIALLY_FILLED,2026-03-25 22:48:15.876463
2024-08-05 10:51:06,3002db8d-796a-499d-b413-b894cef07aca,MSFT,BUY,395.7200,1,200,Status.FILLED,2026-03-25 22:48:30.712840
2024-08-05 10:51:06,3002db8d-796a-499d-b413-b894cef07aca,MSFT,BUY,395.7200,1,200,Status.PARTIALLY_FILLED,2026-03-25 22:48:30.712840
2024-08-05 10:51:36,ccbc68cb-8420-4b2a-8600-7f56130fbf89,MSFT,BUY,0.0000,1,200,Status.FILLED,2026-03-25 22:48:40.736753
2024-08-05 10:51:36,ccbc68cb-8420-4b2a-8600-7f56130fbf89,MSFT,BUY,396.1000,1,200,Status.PARTIALLY_FILLED,2026-03-25 22:48:40.736753
2024-08-05 10:51:36,769211d7-bd6e-44d2-bfa4-d0cc24ab3515,MSFT,SELL,0.0000,1,100,Status.CANCELED,2026-03-25 22:48:49.759264
2024-08-05 10:51:36,b80028e3-6b89-448d-98bc-957128b7f4c2,MSFT,SELL,0.0000,1,100,Status.CANCELED,2026-03-25 22:48:50.964144
2024-08-05 10:51:36,b2191bd4-da85-4c50-8407-b78071bdc50c,MSFT,SELL,396.2500,1,100,Status.FILLED,2026-03-25 22:48:51.971872
2024-08-05 10:51:36,0a4cd54b-549f-4f81-9dad-2758a12636d7,MSFT,BUY,0.0000,2,200,Status.CANCELED,2026-03-25 22:48:57.780640
2024-08-05 10:51:36,4249395a-e0d3-4c2d-a46e-a21960c03726,MSFT,BUY,396.8100,1,200,Status.FILLED,2026-03-25 22:48:58.986928
2024-08-05 10:51:36,4249395a-e0d3-4c2d-a46e-a21960c03726,MSFT,BUY,396.8100,1,200,Status.PARTIALLY_FILLED,2026-03-25 22:48:58.986928
2024-08-05 10:52:07,0fa30b7e-612a-440f-946a-f5f1e3ee1ff7,MSFT,SELL,0.0000,2,200,Status.CANCELED,2026-03-25 22:49:07.817018
2024-08-05 10:52:07,649d0ee0-30ee-484f-9175-c9a08cc1eae9,MSFT,SELL,0.0000,2,200,Status.CANCELED,2026-03-25 22:49:09.021186
2024-08-05 10:52:07,cca62fdf-f12a-47d4-8418-c6365cdcf175,MSFT,SELL,0.0000,2,200,Status.CANCELED,2026-03-25 22:49:10.023498
2024-08-05 10:52:07,5a042ec4-5f05-490d-a61b-deff0afe5996,MSFT,SELL,0.0000,2,200,Status.CANCELED,2026-03-25 22:49:11.022785
2024-08-05 10:52:07,c88b4758-078b-4569-ba4f-9a6a19a39ed3,MSFT,SELL,396.8600,1,200,Status.FILLED,2026-03-25 22:49:12.030164
2024-08-05 10:52:07,c88b4758-078b-4569-ba4f-9a6a19a39ed3,MSFT,SELL,396.8600,1,200,Status.PARTIALLY_FILLED,2026-03-25 22:49:12.030164
2024-08-05 10:52:37,a1f99d93-c319-4118-8028-dd4d70b54147,MSFT,BUY,397.3300,1,200,Status.FILLED,2026-03-25 22:49:54.884480
2024-08-05 10:52:37,a1f99d93-c319-4118-8028-dd4d70b54147,MSFT,BUY,397.3300,1,200,Status.PARTIALLY_FILLED,2026-03-25 22:49:54.884480
2024-08-05 10:53:07,5d7eab85-aef3-40db-bd67-30294559ad93,MSFT,SELL,0.0000,2,200,Status.CANCELED,2026-03-25 22:50:03.890535
2024-08-05 10:53:07,3b3e1a2f-a27a-48a9-9b59-32f5783c3bfd,MSFT,SELL,0.0000,2,200,Status.CANCELED,2026-03-25 22:50:05.092659
2024-08-05 10:53:07,d920bb3e-80b6-40e4-9f44-b72a10015e28,MSFT,SELL,0.0000,2,200,Status.CANCELED,2026-03-25 22:50:06.094694
2024-08-05 10:53:07,d83a97cd-0aa4-4d08-a108-06d43dc9ecec,MSFT,SELL,0.0000,2,200,Status.CANCELED,2026-03-25 22:50:07.092023
2024-08-05 10:53:07,721f3fac-cb6c-47d1-8aef-e91f0873add0,MSFT,SELL,397.2300,1,200,Status.FILLED,2026-03-25 22:50:08.094531
2024-08-05 10:53:07,721f3fac-cb6c-47d1-8aef-e91f0873add0,MSFT,SELL,397.2300,1,200,Status.PARTIALLY_FILLED,2026-03-25 22:50:08.094531
2024-08-05 10:53:07,9552dce7-5811-4169-9ffd-ec84109df156,MSFT,SELL,0.0000,1,200,Status.FILLED,2026-03-25 22:50:09.093776
2024-08-05 10:53:07,9552dce7-5811-4169-9ffd-ec84109df156,MSFT,SELL,397.2200,1,200,Status.PARTIALLY_FILLED,2026-03-25 22:50:09.093776
2024-08-05 10:53:07,3ecf8afd-1d3a-41df-8a5c-d70849e254f6,MSFT,BUY,0.0000,1,100,Status.CANCELED,2026-03-25 22:50:10.095220
2024-08-05 10:53:07,8d90daee-1a90-46f6-b949-0cd2a5a39ef0,MSFT,BUY,0.0000,1,100,Status.CANCELED,2026-03-25 22:50:11.095920
2024-08-05 10:53:07,17d0d38b-45ed-47d1-ad07-4b5154cb0c22,MSFT,BUY,0.0000,1,100,Status.CANCELED,2026-03-25 22:50:12.099454
2024-08-05 10:53:07,989f5fde-ba6d-43f3-abb8-efab67df442e,MSFT,BUY,0.0000,1,100,Status.CANCELED,2026-03-25 22:50:13.099512
2024-08-05 10:53:07,589c7509-c9ae-427f-94a2-5f123262457a,MSFT,BUY,0.0000,1,100,Status.CANCELED,2026-03-25 22:50:14.102473
2024-08-05 10:53:07,1e1b720d-9386-4fe2-a668-1eeca440aea0,MSFT,BUY,397.4300,1,300,Status.FILLED,2026-03-25 22:50:15.401997
2024-08-05 10:53:07,1e1b720d-9386-4fe2-a668-1eeca440aea0,MSFT,BUY,397.4300,2,300,Status.PARTIALLY_FILLED,2026-03-25 22:50:15.401997
2024-08-05 10:53:07,1a0cb393-90ea-4a55-a295-d8649235a2bd,MSFT,SELL,0.0000,2,200,Status.CANCELED,2026-03-25 22:50:23.912420
2024-08-05 10:53:07,54f3fef8-7f91-4793-84bd-82f5da71c080,MSFT,SELL,0.0000,2,200,Status.CANCELED,2026-03-25 22:50:25.114302
2024-08-05 10:53:07,84f9a7fa-f89a-414b-9388-d24a834d5f36,MSFT,SELL,0.0000,2,200,Status.CANCELED,2026-03-25 22:50:26.121731
2024-08-05 10:53:07,1918fd92-617f-485b-adf8-d5d46663ec6a,MSFT,SELL,0.0000,2,200,Status.CANCELED,2026-03-25 22:50:27.125977
2024-08-05 10:53:07,c218b001-45a5-4087-867f-57dd83bd3a31,MSFT,SELL,397.2800,1,200,Status.FILLED,2026-03-25 22:50:28.125712
2024-08-05 10:53:07,c218b001-45a5-4087-867f-57dd83bd3a31,MSFT,SELL,397.2800,1,200,Status.PARTIALLY_FILLED,2026-03-25 22:50:28.125712
2024-08-05 10:53:37,bcc5ad73-7b80-4bfe-bfbe-e1c07cbdd16b,MSFT,BUY,397.8900,1,200,Status.FILLED,2026-03-25 22:50:52.968309
2024-08-05 10:53:37,bcc5ad73-7b80-4bfe-bfbe-e1c07cbdd16b,MSFT,BUY,397.8900,1,200,Status.PARTIALLY_FILLED,2026-03-25 22:50:52.968309
2024-08-05 10:54:07,aeb424de-7ba0-4b58-8ba5-c61ed51a119d,MSFT,SELL,0.0000,2,200,Status.CANCELED,2026-03-25 22:51:01.995867
2024-08-05 10:54:07,1f1fbc74-3c47-48af-b968-86400fb39eff,MSFT,SELL,0.0000,2,200,Status.CANCELED,2026-03-25 22:51:03.205886
2024-08-05 10:54:07,0e1a8e28-2858-4797-afec-a84cf0014437,MSFT,SELL,0.0000,2,200,Status.CANCELED,2026-03-25 22:51:04.206769
2024-08-05 10:54:07,fb1a294e-c4f9-4d2d-aa61-880f7edcc8b6,MSFT,SELL,397.8800,1,200,Status.FILLED,2026-03-25 22:51:05.210656
2024-08-05 10:54:07,fb1a294e-c4f9-4d2d-aa61-880f7edcc8b6,MSFT,SELL,397.8800,1,200,Status.PARTIALLY_FILLED,2026-03-25 22:51:05.210656
2024-08-05 10:54:07,5362d1d6-d3aa-4cec-ae02-a463f83f91b8,MSFT,SELL,397.3400,1,200,Status.FILLED,2026-03-25 22:51:28.092955
2024-08-05 10:54:07,5362d1d6-d3aa-4cec-ae02-a463f83f91b8,MSFT,SELL,397.3400,1,200,Status.PARTIALLY_FILLED,2026-03-25 22:51:28.092955
2024-08-05 10:54:37,16b9cff5-e2f8-4027-9c81-78dd6664a202,MSFT,BUY,0.0000,2,200,Status.CANCELED,2026-03-25 22:51:37.122861
2024-08-05 10:54:37,21f6d9c2-d9ba-476c-a0f4-09cd39c215bb,MSFT,BUY,0.0000,2,200,Status.CANCELED,2026-03-25 22:51:38.333568
2024-08-05 10:54:37,f8ea97d2-26fa-4f86-b349-ff3e1e111fd0,MSFT,BUY,0.0000,2,200,Status.CANCELED,2026-03-25 22:51:39.325026
2024-08-05 10:54:37,4dede340-13e5-40a6-b83d-59b03b69b42e,MSFT,BUY,0.0000,2,200,Status.CANCELED,2026-03-25 22:51:40.335179
2024-08-05 10:54:37,5656aeba-bf02-4db3-9479-a353ba07b8e6,MSFT,BUY,0.0000,4,400,Status.CANCELED,2026-03-25 22:51:41.640283
2024-08-05 10:54:37,55b3a31a-4590-4186-ab71-a56fe06b224f,MSFT,BUY,0.0000,4,400,Status.CANCELED,2026-03-25 22:51:42.349626
2024-08-05 10:54:37,c82e7ce3-2b4b-4599-8a97-a0d059b8a526,MSFT,BUY,0.0000,4,400,Status.CANCELED,2026-03-25 22:51:43.356500
2024-08-05 10:54:37,33ec1a5b-9312-441d-937c-4b390d3096b1,MSFT,BUY,0.0000,3,400,Status.FILLED,2026-03-25 22:51:44.363522
2024-08-05 10:54:37,33ec1a5b-9312-441d-937c-4b390d3096b1,MSFT,BUY,398.1700,1,400,Status.PARTIALLY_FILLED,2026-03-25 22:51:44.363522
2024-08-05 10:54:37,d98c4dd3-aad8-4b16-9c98-6659e39923f6,MSFT,BUY,398.6200,1,100,Status.FILLED,2026-03-25 22:51:53.209719
2024-08-05 10:56:37,18a6efcb-ecbd-4f3e-acdf-9008c11c3c47,MSFT,BUY,0.0000,2,200,Status.CANCELED,2026-03-25 22:53:36.672249
2024-08-05 10:56:37,f4c57600-a69c-4867-9e47-f432d79f532d,MSFT,BUY,0.0000,2,200,Status.CANCELED,2026-03-25 22:53:37.883733
2024-08-05 10:56:37,8bd1bc3c-ec44-43cc-af40-972dcadfc5b8,MSFT,BUY,0.0000,2,200,Status.CANCELED,2026-03-25 22:53:38.894585
2024-08-05 10:56:37,dd6f0680-60d8-479e-af53-40c5d68f91f5,MSFT,BUY,398.0000,1,200,Status.FILLED,2026-03-25 22:53:39.896896
2024-08-05 10:56:37,dd6f0680-60d8-479e-af53-40c5d68f91f5,MSFT,BUY,398.0000,1,200,Status.PARTIALLY_FILLED,2026-03-25 22:53:39.896896
2024-08-05 10:56:37,eb89ee70-a678-4e59-bda1-0fef7f28142b,MSFT,SELL,397.8300,2,200,Status.FILLED,2026-03-25 22:53:48.738584
2024-08-05 10:56:37,f010488e-60fc-4c35-865d-9ab3d38da1d9,MSFT,SELL,0.0000,2,200,Status.CANCELED,2026-03-25 22:53:49.949921
2024-08-05 10:57:38,f09858f0-94eb-4b76-8cd5-66197c5be8d7,MSFT,BUY,397.7400,1,200,Status.FILLED,2026-03-25 22:54:58.965205
2024-08-05 10:57:38,f09858f0-94eb-4b76-8cd5-66197c5be8d7,MSFT,BUY,397.7400,1,200,Status.PARTIALLY_FILLED,2026-03-25 22:54:58.965205
2024-08-05 10:58:08,3b2ef6bc-53db-42fa-ba2c-e02eceb5df5c,MSFT,SELL,397.5500,2,200,Status.FILLED,2026-03-25 22:55:08.015744
2024-08-05 10:58:38,cbe1ae29-6970-43c3-b210-72aa1899617d,MSFT,SELL,0.0000,2,200,Status.CANCELED,2026-03-25 22:55:34.092813
2024-08-05 10:58:38,b41dff9b-72fc-4790-974a-aef23b7d5114,MSFT,SELL,0.0000,2,200,Status.CANCELED,2026-03-25 22:55:35.295759
2024-08-05 10:58:38,2e9d910f-2e91-4f58-82d4-6d4f889e6a1e,MSFT,SELL,0.0000,2,200,Status.CANCELED,2026-03-25 22:55:36.296905
2024-08-05 10:58:38,4554355b-725d-4ad1-9c65-29dde4841ca8,MSFT,SELL,0.0000,1,200,Status.FILLED,2026-03-25 22:55:37.301962
2024-08-05 10:58:38,4554355b-725d-4ad1-9c65-29dde4841ca8,MSFT,SELL,397.0500,1,200,Status.PARTIALLY_FILLED,2026-03-25 22:55:37.301962
2024-08-05 10:58:38,dc12adaa-b08d-4a65-a246-6b23c96fb1a4,MSFT,BUY,0.0000,1,100,Status.CANCELED,2026-03-25 22:55:46.107439
2024-08-05 10:58:38,c71b9e08-034b-486a-8dd6-113b45ae2164,MSFT,BUY,0.0000,1,100,Status.CANCELED,2026-03-25 22:55:47.310022
2024-08-05 10:58:38,671e63db-93b6-4cc3-aa27-61f826b1c875,MSFT,BUY,0.0000,1,100,Status.CANCELED,2026-03-25 22:55:48.312000
2024-08-05 10:58:38,2d3c3854-5a72-49e3-b5a0-3f221d494191,MSFT,BUY,0.0000,1,100,Status.CANCELED,2026-03-25 22:55:49.311544
2024-08-05 10:58:38,9ec29fb0-4f64-4370-b356-841952fc1ddc,MSFT,BUY,0.0000,1,100,Status.CANCELED,2026-03-25 22:55:50.318886
2024-08-05 10:58:38,e2a870b3-0a0b-4fab-9278-ce15f85cde0a,MSFT,BUY,0.0000,1,100,Status.CANCELED,2026-03-25 22:55:51.328946
2024-08-05 10:58:38,de6a915d-cca0-4d22-8c2d-9e8293df0ca8,MSFT,BUY,0.0000,1,100,Status.CANCELED,2026-03-25 22:55:52.320188
2024-08-05 10:58:38,6b999696-5d70-4018-86af-e9ba45b174dc,MSFT,BUY,396.9100,1,100,Status.FILLED,2026-03-25 22:55:53.321709
2024-08-05 10:59:08,cf5c66c0-3f8e-42a1-bce7-4fbf949ecc7d,MSFT,BUY,0.0000,2,200,Status.CANCELED,2026-03-25 22:56:05.167340
2024-08-05 10:59:08,65d972a7-3294-447a-aea2-cfd6b8a187ff,MSFT,BUY,0.0000,2,200,Status.CANCELED,2026-03-25 22:56:06.372752
2024-08-05 10:59:08,69518669-5594-4159-b583-efb398b4be7f,MSFT,BUY,397.0900,1,200,Status.FILLED,2026-03-25 22:56:07.385618
2024-08-05 10:59:08,69518669-5594-4159-b583-efb398b4be7f,MSFT,BUY,397.0900,1,200,Status.PARTIALLY_FILLED,2026-03-25 22:56:07.385618
2024-08-05 10:59:08,b6ad48c1-bdef-4a8d-bf5f-0646a25e77bd,MSFT,SELL,0.0000,2,200,Status.CANCELED,2026-03-25 22:56:16.233045
2024-08-05 10:59:08,bbf2199c-27e3-4eaf-9de1-2ae88c8f0191,MSFT,SELL,0.0000,2,200,Status.CANCELED,2026-03-25 22:56:17.443164
2024-08-05 10:59:08,7849313e-2565-4c6f-b7dc-a426a97e9742,MSFT,SELL,396.8200,1,200,Status.FILLED,2026-03-25 22:56:18.445174
2024-08-05 10:59:08,7849313e-2565-4c6f-b7dc-a426a97e9742,MSFT,SELL,396.8200,1,200,Status.PARTIALLY_FILLED,2026-03-25 22:56:18.445174
2024-08-05 10:59:38,d524de71-2ec5-45ba-bfae-0870dd67680a,MSFT,BUY,0.0000,1,200,Status.FILLED,2026-03-25 22:57:00.361821
2024-08-05 10:59:38,d524de71-2ec5-45ba-bfae-0870dd67680a,MSFT,BUY,396.9000,1,200,Status.PARTIALLY_FILLED,2026-03-25 22:57:00.361821
2024-08-05 11:00:08,5b925fe8-230f-4a0a-91d6-2e0ddb231054,MSFT,SELL,0.0000,1,100,Status.CANCELED,2026-03-25 22:57:09.380995
2024-08-05 11:00:08,3bfda189-c3e0-4138-982a-95a1d6d472db,MSFT,SELL,0.0000,1,100,Status.CANCELED,2026-03-25 22:57:10.584682
2024-08-05 11:00:08,aa1dade3-62a6-4466-af7f-625518158d38,MSFT,SELL,0.0000,1,100,Status.CANCELED,2026-03-25 22:57:11.585773
2024-08-05 11:00:08,33ae906b-6ac2-4f41-ae0c-37aa9ef13597,MSFT,SELL,0.0000,1,100,Status.CANCELED,2026-03-25 22:57:12.584111
2024-08-05 11:00:08,0b7f0224-dce8-4346-a857-483da50bd3d2,MSFT,SELL,0.0000,1,100,Status.CANCELED,2026-03-25 22:57:13.585214
2024-08-05 11:00:08,23b559ab-05c7-451d-966d-d4589d63b7c8,MSFT,SELL,0.0000,1,100,Status.CANCELED,2026-03-25 22:57:14.589483
2024-08-05 11:00:08,17f01bd1-21f8-4b7b-bc69-b6e48db565f6,MSFT,SELL,396.4500,1,100,Status.FILLED,2026-03-25 22:57:15.592244
2024-08-05 11:00:08,a7934359-4fc8-41ea-a439-7ebe60eb475d,MSFT,BUY,396.7200,1,200,Status.FILLED,2026-03-25 22:57:24.404306
2024-08-05 11:00:08,a7934359-4fc8-41ea-a439-7ebe60eb475d,MSFT,BUY,396.7200,1,200,Status.PARTIALLY_FILLED,2026-03-25 22:57:24.404306
2024-08-05 11:00:38,20b41c5e-5482-47d1-9a28-4b5de97e2e41,MSFT,SELL,396.7000,1,200,Status.FILLED,2026-03-25 22:57:33.449190
2024-08-05 11:00:38,20b41c5e-5482-47d1-9a28-4b5de97e2e41,MSFT,SELL,396.7000,1,200,Status.PARTIALLY_FILLED,2026-03-25 22:57:33.449190
2024-08-05 11:00:38,3fa0105b-c95e-41bd-935e-ec3cc94496f6,MSFT,SELL,0.0000,1,200,Status.FILLED,2026-03-25 22:57:56.565613
2024-08-05 11:00:38,3fa0105b-c95e-41bd-935e-ec3cc94496f6,MSFT,SELL,396.5700,1,200,Status.PARTIALLY_FILLED,2026-03-25 22:57:56.565613
2024-08-05 11:01:08,3db13cb8-e1a6-47b1-bc8f-fdf0801767bf,MSFT,BUY,396.3100,1,100,Status.FILLED,2026-03-25 22:58:05.595400
2024-08-05 11:01:38,1f706c6c-6757-42ac-b9aa-1fa15779704a,MSFT,SELL,395.5500,1,200,Status.FILLED,2026-03-25 22:58:33.693432
2024-08-05 11:01:38,1f706c6c-6757-42ac-b9aa-1fa15779704a,MSFT,SELL,395.5500,1,200,Status.PARTIALLY_FILLED,2026-03-25 22:58:33.693432
2024-08-05 11:01:38,b1b3b6b5-ae75-4eda-b456-c45e7bd487b7,MSFT,BUY,395.4200,1,200,Status.FILLED,2026-03-25 22:58:42.724681
2024-08-05 11:01:38,b1b3b6b5-ae75-4eda-b456-c45e7bd487b7,MSFT,BUY,395.4200,1,200,Status.PARTIALLY_FILLED,2026-03-25 22:58:42.724681
2024-08-05 11:03:39,e576141c-b797-44aa-b89c-108ae37b97fe,MSFT,BUY,396.0600,2,200,Status.FILLED,2026-03-25 23:00:34.954446
2024-08-05 11:03:39,6da78600-477f-45f9-b93d-5c4512570926,MSFT,SELL,0.0000,2,200,Status.CANCELED,2026-03-25 23:00:44.006306
2024-08-05 11:03:39,1e1f8df2-7414-4cbb-b335-0b9b08ba2718,MSFT,SELL,0.0000,2,200,Status.CANCELED,2026-03-25 23:00:45.219702
2024-08-05 11:03:39,7af0d75f-3ea9-4af2-8eb1-71e8e015f4a9,MSFT,SELL,0.0000,2,200,Status.CANCELED,2026-03-25 23:00:46.217868
2024-08-05 11:03:39,1afd5ed7-e74c-474f-bc49-d061759a299b,MSFT,SELL,0.0000,2,200,Status.CANCELED,2026-03-25 23:00:47.230509
2024-08-05 11:03:39,32086c60-65d9-4047-9255-052978c22a7c,MSFT,SELL,0.0000,2,200,Status.CANCELED,2026-03-25 23:00:48.241591
2024-08-05 11:03:39,b9ac8af6-bb4a-478e-aa35-e365491dfb27,MSFT,SELL,0.0000,1,200,Status.FILLED,2026-03-25 23:00:49.237226
2024-08-05 11:03:39,b9ac8af6-bb4a-478e-aa35-e365491dfb27,MSFT,SELL,396.0600,1,200,Status.PARTIALLY_FILLED,2026-03-25 23:00:49.237226
2024-08-05 11:03:39,6c041f2f-9173-4cbd-ac31-924413daefa5,MSFT,SELL,0.0000,1,100,Status.CANCELED,2026-03-25 23:00:50.246992
2024-08-05 11:03:39,5884b212-eb5c-40aa-abd2-d032685c5606,MSFT,SELL,396.0700,1,100,Status.FILLED,2026-03-25 23:00:51.248459
2024-08-05 11:04:09,0f3db9ea-fbce-4877-995a-bc89cacd18af,MSFT,BUY,396.2600,2,200,Status.FILLED,2026-03-25 23:01:14.133341
2024-08-05 11:04:09,7c4914c0-479f-479a-a111-94d245e017dc,MSFT,SELL,0.0000,2,200,Status.CANCELED,2026-03-25 23:01:23.153922
2024-08-05 11:04:09,023a0132-2116-4db5-97d0-c1e547b0412a,MSFT,SELL,0.0000,2,200,Status.CANCELED,2026-03-25 23:01:24.355921
2024-08-05 11:04:09,72fa773e-10b6-431a-b7ab-43ac646407b0,MSFT,SELL,0.0000,2,200,Status.CANCELED,2026-03-25 23:01:25.359567
2024-08-05 11:04:09,8d50b90c-7b46-4897-b678-1fade96ddeb1,MSFT,SELL,0.0000,2,200,Status.CANCELED,2026-03-25 23:01:26.376121
2024-08-05 11:04:09,e035e09b-ba3d-49ef-b1a2-119685c1d57e,MSFT,SELL,0.0000,2,200,Status.CANCELED,2026-03-25 23:01:27.361801
2024-08-05 11:04:09,526f48c3-acb1-4e90-ba84-2042ff54dbdd,MSFT,SELL,0.0000,2,200,Status.CANCELED,2026-03-25 23:01:28.363089
2024-08-05 11:04:09,2f1d6cc0-1816-45fb-9bbb-ea4c0e1bfdff,MSFT,SELL,0.0000,2,200,Status.CANCELED,2026-03-25 23:01:29.363032
2024-08-05 11:04:09,4eb8ea81-f3fb-4b9f-9b59-c8b176c120cb,MSFT,SELL,0.0000,3,400,Status.FILLED,2026-03-25 23:01:30.675768
2024-08-05 11:04:09,4eb8ea81-f3fb-4b9f-9b59-c8b176c120cb,MSFT,SELL,395.7600,1,400,Status.PARTIALLY_FILLED,2026-03-25 23:01:30.675768
2024-08-05 11:04:39,6d52b4ba-6b26-46cf-8bd1-8d8382e3cbca,MSFT,SELL,0.0000,1,100,Status.CANCELED,2026-03-25 23:01:39.184210
2024-08-05 11:04:39,345d1bce-a8a1-40d8-ba29-6eb06f8a79e5,MSFT,SELL,395.7000,1,100,Status.FILLED,2026-03-25 23:01:40.393171
2024-08-05 11:04:39,c1d574e2-5b77-4523-87b4-0e4995bf3cac,MSFT,BUY,396.0500,1,200,Status.FILLED,2026-03-25 23:01:57.221639
2024-08-05 11:04:39,c1d574e2-5b77-4523-87b4-0e4995bf3cac,MSFT,BUY,396.0500,1,200,Status.PARTIALLY_FILLED,2026-03-25 23:01:57.221639
2024-08-05 11:05:09,40412b76-0508-4dc7-a0c2-63fcd24cdc07,MSFT,SELL,0.0000,2,200,Status.CANCELED,2026-03-25 23:02:06.234200
2024-08-05 11:05:09,12d79083-1b3d-45d0-ba23-32dfc7cd50c5,MSFT,SELL,0.0000,3,400,Status.FILLED,2026-03-25 23:02:07.738882
2024-08-05 11:05:09,12d79083-1b3d-45d0-ba23-32dfc7cd50c5,MSFT,SELL,395.8000,1,400,Status.PARTIALLY_FILLED,2026-03-25 23:02:07.738882
2024-08-05 11:05:09,c690c0f4-0829-43e1-942c-f57ed0e9f7f8,MSFT,SELL,395.7900,1,400,Status.FILLED,2026-03-25 23:02:08.437872
2024-08-05 11:05:09,c690c0f4-0829-43e1-942c-f57ed0e9f7f8,MSFT,SELL,395.7900,1,400,Status.PARTIALLY_FILLED,2026-03-25 23:02:08.437872
2024-08-05 11:05:09,cec82ee4-247d-4baf-b76b-3bba15bda18c,MSFT,BUY,0.0000,3,300,Status.CANCELED,2026-03-25 23:02:17.248700
2024-08-05 11:05:09,166a37a2-e871-4594-b7aa-6602a466e0d3,MSFT,BUY,0.0000,3,300,Status.CANCELED,2026-03-25 23:02:18.452858
2024-08-05 11:05:09,566283bd-0378-46bd-8883-19d26068adf1,MSFT,BUY,0.0000,3,300,Status.CANCELED,2026-03-25 23:02:19.457561
2024-08-05 11:05:09,99e34dac-cd82-45ac-91ec-04322344da08,MSFT,BUY,0.0000,3,300,Status.CANCELED,2026-03-25 23:02:20.464405
2024-08-05 11:05:09,80e7ae4a-4e40-4af7-9676-a082f714c906,MSFT,BUY,0.0000,3,300,Status.CANCELED,2026-03-25 23:02:21.466960
2024-08-05 11:05:09,c92ab162-0b05-4265-aae8-21d698022f33,MSFT,BUY,395.7200,1,300,Status.FILLED,2026-03-25 23:02:22.471203
2024-08-05 11:05:09,c92ab162-0b05-4265-aae8-21d698022f33,MSFT,BUY,395.7200,1,300,Status.PARTIALLY_FILLED,2026-03-25 23:02:22.471203
2024-08-05 11:05:39,23743159-6404-4de0-859b-eaa8f654ea28,MSFT,BUY,0.0000,2,200,Status.CANCELED,2026-03-25 23:02:35.328734
2024-08-05 11:05:39,13c26edd-be11-4095-86a3-69224215f810,MSFT,BUY,0.0000,1,200,Status.FILLED,2026-03-25 23:02:36.539814
2024-08-05 11:05:39,13c26edd-be11-4095-86a3-69224215f810,MSFT,BUY,396.1300,1,200,Status.PARTIALLY_FILLED,2026-03-25 23:02:36.539814
2024-08-05 11:05:39,0f97b631-2e58-4975-9349-7e4f46a4475c,MSFT,SELL,396.6800,1,100,Status.FILLED,2026-03-25 23:02:57.448568
2024-08-05 11:07:40,c378da3f-0c1f-40e9-a09f-e4baf16dadb4,MSFT,BUY,0.0000,2,200,Status.CANCELED,2026-03-25 23:04:39.889536
2024-08-05 11:07:40,4c54e897-e022-406d-812c-dbe5a611a5e1,MSFT,BUY,0.0000,2,200,Status.CANCELED,2026-03-25 23:04:41.104792
2024-08-05 11:07:40,39c29644-41eb-412a-b0de-804470b18c70,MSFT,BUY,0.0000,2,200,Status.CANCELED,2026-03-25 23:04:42.109052
2024-08-05 11:07:40,65d44680-30e1-4399-af9c-a7b51e1eccf6,MSFT,BUY,0.0000,2,200,Status.CANCELED,2026-03-25 23:04:43.111496
2024-08-05 11:07:40,914a934a-0c86-4ad9-be7c-a0aef5e3da06,MSFT,BUY,397.5600,2,200,Status.FILLED,2026-03-25 23:04:44.112071
2024-08-05 11:07:40,3621148e-bffa-41a6-ba43-d5595dd6dfc2,MSFT,SELL,0.0000,2,200,Status.CANCELED,2026-03-25 23:04:52.915264
2024-08-05 11:07:40,25dfb06f-7d13-4fe6-99e2-be57e093f1ba,MSFT,SELL,0.0000,2,200,Status.CANCELED,2026-03-25 23:04:54.120328
2024-08-05 11:07:40,1a7c6129-2768-4cd2-8c9d-99f79dfdc472,MSFT,SELL,397.8500,1,200,Status.FILLED,2026-03-25 23:04:55.130426
2024-08-05 11:07:40,1a7c6129-2768-4cd2-8c9d-99f79dfdc472,MSFT,SELL,397.8500,1,200,Status.PARTIALLY_FILLED,2026-03-25 23:04:55.130426
2024-08-05 11:07:40,ad3e40ad-6a45-4231-bb6d-2a9944006f7c,MSFT,SELL,397.8700,1,100,Status.FILLED,2026-03-25 23:04:56.136729
2024-08-05 11:07:40,6a3dd3b9-d71a-46fb-9ac7-0aa40fd7cb19,MSFT,BUY,0.0000,1,100,Status.CANCELED,2026-03-25 23:04:57.137488
2024-08-05 11:07:40,6438993a-6ecd-460c-876a-8b68b9cc2f8f,MSFT,BUY,0.0000,1,100,Status.CANCELED,2026-03-25 23:04:58.140153
2024-08-05 11:07:40,5f3a4058-b5cb-46ad-9109-48fa18833cfb,MSFT,BUY,397.9900,1,100,Status.FILLED,2026-03-25 23:04:59.142546
2024-08-05 11:08:39,7619d1a8-3a28-4c72-9924-d2108c6d8420,MSFT,BUY,398.7200,1,200,Status.FILLED,2026-03-25 23:05:38.088909
2024-08-05 11:08:39,7619d1a8-3a28-4c72-9924-d2108c6d8420,MSFT,BUY,398.7200,1,200,Status.PARTIALLY_FILLED,2026-03-25 23:05:38.088909
2024-08-05 11:08:39,6a664236-cdcf-49f3-88ac-e4c45ac69fe3,MSFT,SELL,0.0000,1,200,Status.FILLED,2026-03-25 23:05:50.154173
2024-08-05 11:08:39,6a664236-cdcf-49f3-88ac-e4c45ac69fe3,MSFT,SELL,398.8700,1,200,Status.PARTIALLY_FILLED,2026-03-25 23:05:50.154173
2024-08-05 11:08:39,21c8ece1-7025-4b73-ae58-fae33a0d8c0a,MSFT,SELL,398.8500,1,100,Status.FILLED,2026-03-25 23:05:51.366709
2024-08-05 11:11:11,7545aca7-0a0d-4ec5-ae79-8df3d4c2b4da,MSFT,BUY,0.0000,2,200,Status.CANCELED,2026-03-25 23:08:06.841216
2024-08-05 11:11:11,f5b2de7f-02b9-4f65-94ae-08b249213327,MSFT,BUY,0.0000,2,200,Status.CANCELED,2026-03-25 23:08:08.046155
2024-08-05 11:11:11,a80190d6-faba-4669-91fe-1574dfd88a8a,MSFT,BUY,0.0000,2,200,Status.CANCELED,2026-03-25 23:08:09.055174
2024-08-05 11:11:11,7b7b439c-a923-47ed-b405-8de93418b377,MSFT,BUY,0.0000,2,200,Status.CANCELED,2026-03-25 23:08:10.050448
2024-08-05 11:11:11,5f75314e-a605-44e8-af4a-9c230c368a35,MSFT,BUY,398.8200,1,200,Status.FILLED,2026-03-25 23:08:11.050980
2024-08-05 11:11:11,5f75314e-a605-44e8-af4a-9c230c368a35,MSFT,BUY,398.8200,1,200,Status.PARTIALLY_FILLED,2026-03-25 23:08:11.050980
2024-08-05 11:11:11,fce4bf6d-84a2-4001-a4ab-a9dfd8d9970f,MSFT,SELL,0.0000,2,200,Status.CANCELED,2026-03-25 23:08:28.945972
2024-08-05 11:11:11,d6a8e861-7f0b-4c64-909f-a6ab8662cdae,MSFT,SELL,0.0000,2,200,Status.CANCELED,2026-03-25 23:08:30.143462
2024-08-05 11:11:11,3502c024-4b96-49b4-8af3-8bcb2b7c39c7,MSFT,SELL,0.0000,2,200,Status.CANCELED,2026-03-25 23:08:31.149069
2024-08-05 11:11:11,510e9646-2a0f-40c5-bf3b-89957dc55df2,MSFT,SELL,0.0000,2,200,Status.CANCELED,2026-03-25 23:08:32.153390
2024-08-05 11:11:11,d66baee8-0da0-406a-b8c6-253bc51c8d78,MSFT,SELL,0.0000,2,200,Status.CANCELED,2026-03-25 23:08:33.152875
2024-08-05 11:11:11,791cb85d-9284-4519-8259-46aa1f7c9e2f,MSFT,SELL,398.9200,1,200,Status.FILLED,2026-03-25 23:08:34.158242
2024-08-05 11:11:11,791cb85d-9284-4519-8259-46aa1f7c9e2f,MSFT,SELL,398.9200,1,200,Status.PARTIALLY_FILLED,2026-03-25 23:08:34.158242
