logged_at,order_id,symbol,side,limit_price,shares,lots,regime,signal,step,position_shares_before_submit
2024-08-05 09:30:31,30ef99cf-089f-49a8-ad2b-7d791ff3dde7,GS,BUY,447.2400,200,2,FLAT,BUY_PRESSURE,21,0
2024-08-05 09:30:32,fbce8525-f0bd-48d6-a7bc-8574d79bee55,GS,BUY,447.2000,200,2,ENTERING,NEUTRAL,24,0
2024-08-05 09:30:33,33cbe3a9-7e9e-449a-a5b7-d1f2c666c6dd,GS,BUY,447.2000,200,2,ENTERING,NEUTRAL,27,0
2024-08-05 09:30:36,f24f7d55-0979-4103-8ce4-cc413319e7f1,GS,BUY,447.2000,200,2,ENTERING,NEUTRAL,30,0
2024-08-05 09:30:40,2cef33b4-bc26-471e-8fc6-bc228d802dfb,GS,BUY,446.0800,200,2,ENTERING,SELL_PRESSURE,33,0
2024-08-05 09:30:42,913714d5-e2f2-419e-b177-350bda7d9aec,GS,BUY,446.0800,200,2,ENTERING,SELL_PRESSURE,36,0
2024-08-05 09:30:53,bd43ffc6-a6ad-45bd-ad6f-b65c44a74077,GS,SELL,444.7900,1000,10,EXITING,NEUTRAL,48,1000
2024-08-05 09:30:56,e0c5c175-1bc7-4b5a-b894-4a5ec60ae15b,GS,SELL,444.7900,1200,12,EXITING,NEUTRAL,51,1200
2024-08-05 09:30:59,c86563cb-7407-4398-9651-13d6d53650a4,GS,SELL,444.7900,1200,12,EXITING,NEUTRAL,54,1200
2024-08-05 09:31:02,ee6c73fe-c9f7-4b2c-bda5-529db423b3f3,GS,SELL,447.5500,1200,12,EXITING,BUY_PRESSURE,57,1200
2024-08-05 09:31:06,ae82c598-6429-4056-a00a-fb11a234661f,GS,SELL,447.2200,1200,12,EXITING,NEUTRAL,60,1200
2024-08-05 09:31:09,01ef8e37-17ee-4ec1-823d-5192f1da2138,GS,SELL,447.2200,900,9,EXITING,NEUTRAL,63,900
2024-08-05 09:31:13,b671e978-c783-4a2c-9cc1-361dcc2ceaa8,GS,SELL,446.4600,900,9,EXITING,SELL_PRESSURE,66,900
2024-08-05 09:31:15,249f7f7a-c1f7-4d9a-a8da-5cd24b2d7bbe,GS,SELL,446.4600,900,9,EXITING,NEUTRAL,69,900
2024-08-05 09:31:18,aee8e0b7-b407-4243-838b-32873f64f8c9,GS,SELL,445.7700,900,9,EXITING,SELL_PRESSURE,72,900
2024-08-05 09:31:22,2da5001f-f090-41b5-b479-f01f463bc9fc,GS,SELL,445.7600,900,9,EXITING,SELL_PRESSURE,75,900
2024-08-05 09:31:28,f1392597-682f-40c9-a803-076aedc5860a,GS,SELL,445.7600,900,9,EXITING,SELL_PRESSURE,78,900
2024-08-05 09:31:35,4e94e9c4-feba-43eb-b9a7-e30835b4031a,GS,SELL,443.2400,900,9,EXITING,SELL_PRESSURE,81,900
2024-08-05 09:31:40,117cf309-6ed0-4bae-b39d-19431d706d75,GS,SELL,443.2800,900,9,EXITING,SELL_PRESSURE,84,900
2024-08-05 09:31:46,961774bc-fc34-493f-8736-a7ef1e9c241f,GS,SELL,443.2800,800,8,EXITING,NEUTRAL,87,800
2024-08-05 09:31:59,e9609f36-f42e-498b-845a-56b092d60236,GS,SELL,443.5900,200,2,FLAT,SELL_PRESSURE,99,0
2024-08-05 09:32:02,d1ad1b15-77fa-4557-aa03-dd5c78e434e9,GS,SELL,444.5400,200,2,ENTERING,NEUTRAL,102,0
2024-08-05 09:32:05,6e9b595f-7f23-4300-ac1c-c0537bb5f43a,GS,SELL,443.3600,200,2,ENTERING,NEUTRAL,105,0
2018-12-17 09:31:46,8fd3e290-97a5-4e68-a4e4-6b5d9342f5b6,GS,BUY,168.9600,200,2,FLAT,BUY_PRESSURE,37,0
2018-12-17 09:31:57,8bd242ad-6bb4-419d-bdda-6174291a57bc,GS,SELL,169.1900,200,2,EXITING,NEUTRAL,48,200
2018-12-17 09:33:05,515b8a9b-598a-4c2b-83de-ea92ebaa7109,GS,SELL,169.3500,200,2,FLAT,SELL_PRESSURE,116,0
2018-12-17 09:33:08,037c93d7-6ecb-4dfd-b792-b0ff6f3fa9a3,GS,SELL,169.3000,200,2,ENTERING,SELL_PRESSURE,119,0
2018-12-17 09:33:11,7d67295e-84a4-4be5-8269-18041157e283,GS,SELL,169.2500,200,2,ENTERING,SELL_PRESSURE,122,0
2018-12-17 09:33:14,bbdcd144-7459-45ac-a7cc-d3630f05d37d,GS,SELL,169.2600,200,2,ENTERING,SELL_PRESSURE,125,0
2018-12-17 09:33:17,ea4ab2f4-101f-4f95-8d28-2f3a93b262c9,GS,SELL,168.9200,200,2,ENTERING,SELL_PRESSURE,128,0
2018-12-17 09:33:29,ffed44f4-b401-4f18-89c3-0bb8d4ad5c8c,GS,BUY,168.9500,200,2,EXITING,NEUTRAL,140,-200
2018-12-17 09:34:00,4fd35f01-596c-4b13-912b-711a0e05aece,GS,BUY,169.0500,200,2,FLAT,BUY_PRESSURE,171,0
2018-12-17 09:34:11,cd355186-ebe6-4c28-b188-f7303701f647,GS,SELL,168.6400,200,2,EXITING,SELL_PRESSURE,182,200
2018-12-17 09:34:14,a9fac6ff-acb9-43d4-aa95-f12f809c64b6,GS,SELL,168.5500,200,2,EXITING,SELL_PRESSURE,185,200
2018-12-17 09:34:17,47c47d8c-2541-4fdd-b3f4-95cbbe00a595,GS,SELL,168.3700,100,1,EXITING,SELL_PRESSURE,188,100
2018-12-17 09:34:19,513434ea-ec63-44f6-ba0e-dc046d6128d3,GS,SELL,168.4500,200,2,FLAT,SELL_PRESSURE,190,0
2018-12-17 09:34:22,6179a24e-7fa8-4780-9285-ac7463395b1c,GS,SELL,168.4300,200,2,ENTERING,SELL_PRESSURE,193,0
2018-12-17 09:34:34,8cc8406b-de77-45d1-a00e-a91a12ba89f7,GS,BUY,168.4000,200,2,EXITING,NEUTRAL,205,-200
2018-12-17 09:34:37,5bebe430-a763-4f8f-9f2d-d7f7c014fec9,GS,BUY,168.4000,100,1,EXITING,NEUTRAL,208,-100
2018-12-17 09:34:53,8c5a2016-68f4-4fb3-a131-ab08ff52a8e0,GS,BUY,169.0200,200,2,FLAT,BUY_PRESSURE,224,0
2018-12-17 09:35:04,5ba0663b-9fd1-4dba-a38a-91c6c87cb3ab,GS,SELL,168.9200,200,2,EXITING,NEUTRAL,235,200
2018-12-17 09:35:07,f05cfbd1-1015-4e9c-b738-3ea9e8a3b2da,GS,SELL,168.8300,200,2,EXITING,SELL_PRESSURE,238,200
2018-12-17 09:35:10,06f74c1e-8384-4435-8e62-df12ef5a58e9,GS,SELL,168.8000,200,2,EXITING,SELL_PRESSURE,241,200
2018-12-17 09:35:13,8fb9cd31-d89d-4650-8953-dcb12e133c63,GS,SELL,168.7800,200,2,EXITING,SELL_PRESSURE,244,200
2018-12-17 09:35:20,e91225f0-aedb-4491-8bcd-cf5b826b1a30,GS,BUY,168.8300,200,2,FLAT,BUY_PRESSURE,251,0
2018-12-17 09:35:23,40e2a1b1-e0a4-4696-8c22-07bf0ec1b249,GS,BUY,169.0900,200,2,ENTERING,BUY_PRESSURE,254,0
2018-12-17 09:35:27,962e98e7-d5b5-4f8d-8b4f-8ff92de24646,GS,BUY,169.1400,200,2,ENTERING,BUY_PRESSURE,257,0
2018-12-17 09:35:30,88e29545-7fe7-445d-923b-90f915366354,GS,BUY,169.1900,200,2,ENTERING,BUY_PRESSURE,260,0
2018-12-17 09:35:41,3cf254cf-c04b-41a5-978e-6e26a7022442,GS,SELL,169.3400,200,2,EXITING,NEUTRAL,272,200
2018-12-17 09:36:40,f4f3ef79-d618-4943-a5bc-19d5b31202e8,GS,BUY,169.4600,200,2,FLAT,BUY_PRESSURE,330,0
2018-12-17 09:36:43,16649c13-cd50-4587-b048-5f6f34eea156,GS,BUY,169.5500,200,2,ENTERING,BUY_PRESSURE,333,0
2018-12-17 09:36:46,643e5b23-f9aa-47cf-83e5-23731889ba22,GS,BUY,169.6200,200,2,ENTERING,BUY_PRESSURE,336,0
2018-12-17 09:36:58,eedc405f-796d-4a6b-985a-193cdf863b8f,GS,SELL,169.6100,200,2,EXITING,NEUTRAL,348,200
2018-12-17 09:37:01,6add677a-40ae-46c9-b429-e0dad90a99a4,GS,SELL,169.6100,200,2,EXITING,SELL_PRESSURE,351,200
2018-12-17 09:37:39,8a9115ca-18af-402d-9e19-1049363e355c,GS,SELL,169.4500,200,2,FLAT,SELL_PRESSURE,389,0
2018-12-17 09:37:50,d6d92609-d1d0-419e-82c5-f72f5ce7b32c,GS,BUY,169.3900,200,2,EXITING,NEUTRAL,400,-200
2018-12-17 09:37:53,0d1072bc-299a-434b-bf25-c3c3f8221825,GS,BUY,169.4800,100,1,EXITING,BUY_PRESSURE,403,-100
2018-12-17 09:39:31,d5d19329-51eb-4615-8caa-a959f3d3e11f,GS,SELL,169.2400,200,2,FLAT,SELL_PRESSURE,501,0
2018-12-17 09:39:42,966f1115-c5de-4168-89ac-bdaa6c524682,GS,BUY,169.2500,100,1,EXITING,NEUTRAL,512,-100
2024-08-05 09:30:25,80fa69c2-2fc8-4424-8479-6c7b693fa2e4,GS,BUY,447.1100,200,2,FLAT,BUY_PRESSURE,5,0
2024-08-05 09:30:30,05f01ab4-983a-4d1a-8925-7bd861e0433f,GS,SELL,448.3000,100,1,EXITING,BUY_PRESSURE,16,100
2024-08-05 09:30:31,5f092baf-7b8b-47b7-94fc-1affdb890a7d,GS,SELL,448.3000,100,1,EXITING,BUY_PRESSURE,19,100
2024-08-05 09:30:32,3f6c16dd-96d3-469e-8da1-2f70d10b6d54,GS,SELL,448.1900,100,1,EXITING,NEUTRAL,22,100
2024-08-05 09:30:33,04158ad7-e2a9-49fc-aae0-c978257696f0,GS,SELL,448.1900,100,1,EXITING,NEUTRAL,25,100
2024-08-05 09:30:34,d656e341-d08b-4823-9ea0-ab088b829126,GS,SELL,448.0900,100,1,EXITING,NEUTRAL,28,100
2024-08-05 09:30:39,38bc2f5b-b1f1-49f9-84a6-e835c864bb06,GS,SELL,447.3500,100,1,EXITING,SELL_PRESSURE,31,100
2024-08-05 09:30:41,99cf2b5d-2b7a-4950-bff8-183925a8d49a,GS,SELL,447.3500,100,1,EXITING,SELL_PRESSURE,34,100
2024-08-05 09:30:44,7679cdad-275d-49b4-8cf7-375626e7f719,GS,SELL,447.3500,100,1,EXITING,SELL_PRESSURE,37,100
2024-08-05 09:30:46,2a10f96a-ad68-430c-8947-54e7189452f8,GS,SELL,447.3500,100,1,EXITING,NEUTRAL,40,100
2024-08-05 09:30:48,c00d3807-87be-43e5-8135-ca59323332b2,GS,SELL,444.8500,100,1,EXITING,NEUTRAL,43,100
2024-08-05 09:30:52,f950ceb9-9582-4bc1-9277-0764e4b9218f,GS,SELL,444.6700,100,1,EXITING,SELL_PRESSURE,46,100
2024-08-05 09:30:55,b6b2f3fd-aa96-443d-9cc0-e26893f401b8,GS,SELL,444.6700,100,1,EXITING,NEUTRAL,49,100
2024-08-05 09:30:59,b2dbdbcd-1d28-4dcc-9584-87b5fd65ff4a,GS,SELL,444.6700,100,1,EXITING,NEUTRAL,52,100
2024-08-05 09:31:02,607ba97a-88af-45ad-89c5-fc4a205cc0c5,GS,SELL,447.3500,100,1,EXITING,NEUTRAL,55,100
2024-08-05 09:31:06,bad4867f-0080-4102-a497-65a70696bef7,GS,SELL,447.0500,100,1,EXITING,NEUTRAL,58,100
2024-08-05 09:31:12,c2c33ea7-5ff2-4b5c-a4ae-f7e968bee991,GS,BUY,444.9700,100,1,EXITING,NEUTRAL,62,-100
2024-08-05 09:31:16,af7da0dc-08e3-409b-b510-47f6f9859c83,GS,BUY,444.9700,100,1,EXITING,SELL_PRESSURE,65,-100
2024-08-05 09:31:18,cf274ff6-521e-4c17-b6ed-978cd6dfedfb,GS,BUY,444.7000,100,1,EXITING,SELL_PRESSURE,68,-100
2024-08-05 09:31:22,7cca7910-4d8d-4123-831a-1a92af453b94,GS,BUY,444.6900,100,1,EXITING,SELL_PRESSURE,71,-100
2024-08-05 09:31:27,e0a7bb97-afe1-4306-99c0-f3c0a7cf8d31,GS,BUY,444.6900,100,1,EXITING,SELL_PRESSURE,74,-100
2024-08-05 09:31:35,1094ed5e-5a79-4adc-be1b-1207fa5bb024,GS,SELL,443.1400,200,2,EXITING,SELL_PRESSURE,78,200
2024-08-05 09:31:41,56b3362b-8156-4fae-8743-916161fbc796,GS,SELL,443.1700,200,2,EXITING,SELL_PRESSURE,81,200
2024-08-05 09:31:58,064a7e27-895a-485f-ac92-6bdd7b25b74d,GS,SELL,443.6800,200,2,FLAT,SELL_PRESSURE,98,0
2024-08-05 09:32:01,d4238f82-4456-46de-bc4b-fb22be0a97e0,GS,SELL,444.7000,200,2,ENTERING,NEUTRAL,101,0
2024-08-05 09:32:04,126680fa-8465-4ece-9bce-c59b168b99e7,GS,SELL,443.5000,200,2,ENTERING,NEUTRAL,104,0
2024-08-05 09:32:07,b1d332c3-7601-47ca-b88a-38681c5d6d23,GS,SELL,443.5000,200,2,ENTERING,SELL_PRESSURE,107,0
2024-08-05 09:32:10,491845f5-6707-49d4-b6da-dcc62af034dc,GS,SELL,443.5000,200,2,ENTERING,NEUTRAL,110,0
2024-08-05 09:32:13,b06b7b33-bbe6-4bee-aba3-9cef814c231c,GS,SELL,443.5000,200,2,ENTERING,NEUTRAL,113,0
2024-08-05 09:32:16,c6a69a62-da4c-4ee9-a3c5-2a6582619b44,GS,SELL,443.5000,200,2,ENTERING,NEUTRAL,116,0
2024-08-05 09:32:19,3bf71fa2-85bd-4c0a-a35a-33af339ffef0,GS,SELL,443.5000,200,2,ENTERING,NEUTRAL,119,0
2024-08-05 09:32:22,1cd923a7-f1b6-49cf-8d87-40b1f1705914,GS,SELL,442.3400,200,2,ENTERING,NEUTRAL,122,0
2024-08-05 09:32:25,3f2f7096-39e1-450b-a4bc-df783aba0c66,GS,SELL,442.3400,200,2,ENTERING,SELL_PRESSURE,125,0
2024-08-05 09:32:37,e2b35b5d-82a4-4025-8480-a3b450f4b966,GS,BUY,441.5300,200,2,EXITING,NEUTRAL,137,-200
2024-08-05 09:32:41,fa12f095-f4d7-4a30-b810-8e01848fbd73,GS,SELL,441.2800,200,2,FLAT,SELL_PRESSURE,141,0
2024-08-05 09:32:52,6320d335-b341-48f1-b7f6-b58989337b53,GS,BUY,441.6700,200,2,EXITING,NEUTRAL,152,-200
2024-08-05 09:33:01,40cf572c-8181-4bc3-96f3-63b3e9d59173,GS,SELL,442.0000,200,2,FLAT,SELL_PRESSURE,161,0
2024-08-05 09:33:04,dd974b0e-7da6-491b-bc00-6911148288f1,GS,SELL,441.9600,200,2,ENTERING,SELL_PRESSURE,164,0
2024-08-05 09:37:09,6f84cd5d-1a06-4953-8aca-4809b4d0cf19,GS,BUY,437.7600,200,2,EXITING,NEUTRAL,1,-200
2024-08-05 09:37:20,11d590e2-715a-4833-b70d-6730fcc8f969,GS,BUY,438.8700,200,2,FLAT,BUY_PRESSURE,12,0
2024-08-05 09:37:34,3eec6933-212c-4de8-b505-92faff01a070,GS,SELL,439.9500,100,1,EXITING,SELL_PRESSURE,26,100
2024-08-05 09:37:42,5beeddba-ee32-475c-b4bc-1021190d3792,GS,BUY,439.8800,200,2,FLAT,BUY_PRESSURE,34,0
2024-08-05 09:37:56,2008aba8-777d-42cd-90ee-693520060905,GS,SELL,439.9700,200,2,EXITING,BUY_PRESSURE,48,200
2024-08-05 09:37:58,89738794-e099-459c-9500-c4f4c6bc6fa0,GS,BUY,439.8400,200,2,FLAT,BUY_PRESSURE,50,0
2024-08-05 09:38:09,eabef41a-11a9-40b6-b9cf-f95df26cf857,GS,SELL,439.3800,200,2,EXITING,SELL_PRESSURE,61,200
2024-08-05 09:38:12,f0ffa8b1-7cb7-4346-9c5d-5bebdb977cda,GS,SELL,439.2200,200,2,EXITING,SELL_PRESSURE,64,200
2024-08-05 09:38:15,174521d4-38aa-4b7b-b5aa-3437eb7faa8c,GS,SELL,439.4700,200,2,EXITING,NEUTRAL,67,200
2024-08-05 09:38:18,89f971f6-6f33-4aed-bc2c-cc9fb6adacd5,GS,SELL,439.3100,100,1,EXITING,NEUTRAL,70,100
2024-08-05 09:38:21,f304392a-ab1a-43f2-91f4-b3d749b43170,GS,SELL,439.3100,100,1,EXITING,NEUTRAL,73,100
2024-08-05 09:38:39,90840273-ddb6-4546-8b84-5cd4dc5287da,GS,BUY,439.8400,200,2,FLAT,BUY_PRESSURE,91,0
2024-08-05 09:38:50,d83a36d6-9133-4b74-b139-ea91ef5e95d7,GS,SELL,439.5600,200,2,EXITING,NEUTRAL,102,200
2024-08-05 09:38:54,a92f2e3b-18ed-46d6-be6f-03340e3f7b7b,GS,SELL,439.5300,100,1,EXITING,NEUTRAL,105,100
2024-08-05 09:39:03,65f8f081-798d-4d7d-aeff-f84259e58039,GS,BUY,440.7600,200,2,FLAT,BUY_PRESSURE,115,0
2024-08-05 09:39:06,d7a25b77-560d-42f9-80c9-8404a0f577a5,GS,BUY,440.7600,200,2,ENTERING,BUY_PRESSURE,118,0
2024-08-05 09:39:10,431bab1b-f120-4537-82b1-8942d0b99cea,GS,BUY,441.2700,200,2,ENTERING,BUY_PRESSURE,121,0
2024-08-05 09:39:13,e82c43b9-84c5-4315-90d4-93e89c4184b9,GS,BUY,441.4800,200,2,ENTERING,BUY_PRESSURE,124,0
2024-08-05 09:39:16,be0f69da-9a32-4d0e-b805-a65741fef004,GS,BUY,441.6800,200,2,ENTERING,BUY_PRESSURE,127,0
2024-08-05 09:39:30,89a89a47-e947-4937-8dfc-8f4d3b4a650d,GS,SELL,443.5800,200,2,EXITING,BUY_PRESSURE,142,200
2024-08-05 09:39:34,4f8d0b46-c1b9-47ce-a4aa-0f8aa648a8ff,GS,SELL,443.3200,100,1,EXITING,NEUTRAL,145,100
2024-08-05 09:39:37,04c460a4-2d79-4dfc-8ee3-5852f58215d2,GS,SELL,443.1300,100,1,EXITING,SELL_PRESSURE,148,100
2024-08-05 09:39:51,fa21279d-5f10-4c76-b466-0e4440f811dd,GS,BUY,444.0600,200,2,FLAT,BUY_PRESSURE,162,0
2024-08-05 09:39:54,6d675408-005e-475e-9c97-968eaa945180,GS,BUY,444.2200,200,2,ENTERING,BUY_PRESSURE,165,0
2024-08-05 09:40:09,49cab723-089a-4dbc-be65-b0dc5a56c22d,GS,SELL,445.3900,100,1,EXITING,NEUTRAL,180,100
2024-08-05 09:40:13,aed61dbd-6ea3-4c4a-97ff-448ba71b15ec,GS,BUY,445.1500,200,2,FLAT,BUY_PRESSURE,184,0
2024-08-05 09:40:16,20ca9e05-e712-408f-b815-fdd1484f1210,GS,BUY,445.1600,200,2,ENTERING,NEUTRAL,187,0
2024-08-05 09:40:28,000144f4-dec8-4af5-aef9-2f54bf85e3bd,GS,SELL,444.7700,200,2,EXITING,NEUTRAL,199,200
2024-08-05 09:40:31,9a0fb9a3-02cf-4f77-bbd8-a7fe2cd969bf,GS,SELL,444.0500,200,2,EXITING,NEUTRAL,202,200
2024-08-05 09:40:38,eb7590b7-dc74-42b7-8e78-8086ac09546e,GS,SELL,443.9900,200,2,FLAT,SELL_PRESSURE,209,0
2024-08-05 09:40:41,420dc8dd-6a77-46ba-b649-33e201ab6042,GS,SELL,444.0800,200,2,ENTERING,SELL_PRESSURE,212,0
2024-08-05 09:40:44,14732f71-d908-4458-8e55-7ffac1c761ee,GS,SELL,443.4400,200,2,ENTERING,NEUTRAL,215,0
2024-08-05 09:40:47,060ede77-e8d3-4c58-a299-f6a8b6dd5afd,GS,SELL,442.6600,200,2,ENTERING,SELL_PRESSURE,218,0
2024-08-05 09:40:50,a6c263f8-7ac1-43a4-99a5-ab685818273c,GS,SELL,442.7500,200,2,ENTERING,SELL_PRESSURE,221,0
2024-08-05 09:40:53,a5decf64-c419-4743-b412-2d43aa3b69d0,GS,SELL,442.8200,200,2,ENTERING,NEUTRAL,224,0
2024-08-05 09:41:05,a0b65f23-ce51-40b1-ab6c-f8848f5c6006,GS,BUY,443.7900,100,1,EXITING,BUY_PRESSURE,236,-100
2024-08-05 09:41:08,82f2fa4c-2c9f-494d-b6fd-4e09ec635209,GS,BUY,443.5600,200,2,FLAT,BUY_PRESSURE,239,0
2024-08-05 09:41:11,378e02e8-7c5e-4570-9900-6801081e0c5e,GS,BUY,443.7700,200,2,ENTERING,BUY_PRESSURE,242,0
2024-08-05 09:41:14,6da73164-b58e-4419-8a15-955a3aaa1557,GS,BUY,444.5700,200,2,ENTERING,BUY_PRESSURE,245,0
2024-08-05 09:41:17,0e8b2094-cfb3-49b0-8699-523a3a10ad40,GS,BUY,444.8500,200,2,ENTERING,BUY_PRESSURE,248,0
2024-08-05 09:41:32,f6233e21-f005-4ddc-aaa8-b5f4d80329bc,GS,SELL,445.2600,200,2,EXITING,BUY_PRESSURE,263,200
2024-08-05 09:41:35,691114c4-c276-48fd-ad96-92678dbebe18,GS,SELL,444.7100,200,2,EXITING,NEUTRAL,266,200
2024-08-05 09:41:38,09b6d9c4-3b1f-48ca-a03e-729a592addc2,GS,SELL,444.7100,200,2,EXITING,NEUTRAL,269,200
2024-08-05 09:41:41,c9db114b-63c4-4195-bdc3-2f4b0d7eac69,GS,SELL,444.7100,200,2,EXITING,NEUTRAL,272,200
2024-08-05 09:41:44,a3017fa7-09dd-444c-add7-e2bd7ac6351d,GS,SELL,444.7100,100,1,EXITING,NEUTRAL,275,100
2024-08-05 09:41:47,d83e8f4c-a522-414a-a528-463277d2c0da,GS,SELL,444.7100,100,1,EXITING,NEUTRAL,278,100
2024-08-05 09:41:50,b44a6ede-9ef9-4e91-bcc4-25aa4c1ceda0,GS,SELL,444.7100,100,1,EXITING,NEUTRAL,281,100
2024-08-05 09:41:53,77fd1ce1-e3ba-4937-9c53-f8bd8a43b8b8,GS,SELL,444.7100,100,1,EXITING,NEUTRAL,284,100
2024-08-05 09:41:56,0f714a30-8cbe-40e2-bb2a-3352dda17e3a,GS,SELL,444.7100,100,1,EXITING,NEUTRAL,287,100
2024-08-05 09:42:02,e38fac40-582c-4e69-a78a-19629722b6a9,GS,SELL,444.5900,200,2,FLAT,SELL_PRESSURE,293,0
2024-08-05 09:42:05,95a70c98-1626-4039-846a-45a8e2983da0,GS,SELL,444.5900,200,2,ENTERING,SELL_PRESSURE,296,0
2024-08-05 09:42:08,e6805475-8a9c-406c-be33-547e265c2b53,GS,SELL,444.0400,200,2,ENTERING,SELL_PRESSURE,299,0
2024-08-05 09:42:11,58274787-94c1-4e59-8244-546e50c7cabb,GS,SELL,443.3900,200,2,ENTERING,SELL_PRESSURE,302,0
2024-08-05 09:42:14,f2a85f47-c93e-4093-ad35-7f4ac137b237,GS,SELL,443.4000,200,2,ENTERING,SELL_PRESSURE,305,0
2024-08-05 09:42:17,b2b9e36c-0291-42c6-b721-e14d3f9edddb,GS,SELL,443.3200,200,2,ENTERING,SELL_PRESSURE,308,0
2024-08-05 09:42:32,934ba402-25a2-4ef8-b01f-26a18ef14498,GS,BUY,441.9800,100,1,EXITING,NEUTRAL,323,-100
2024-08-05 09:42:35,f3ac81b4-d9b8-4e1c-96e1-eb0ec9df6a14,GS,BUY,441.9800,100,1,EXITING,NEUTRAL,326,-100
2024-08-05 09:42:42,1ca53b23-3f80-45e0-8777-4800159b121a,GS,SELL,442.2900,200,2,FLAT,SELL_PRESSURE,333,0
2024-08-05 09:42:53,2b8160f3-a12f-4f81-9454-1024b746938b,GS,BUY,442.7100,200,2,EXITING,BUY_PRESSURE,344,-200
2024-08-05 09:42:56,17633c42-e33d-4500-af01-29003b802003,GS,BUY,442.7100,200,2,EXITING,NEUTRAL,347,-200
2024-08-05 09:42:59,33c65a5a-6600-4eeb-9aae-43efa477b9a5,GS,BUY,442.5000,200,2,EXITING,SELL_PRESSURE,350,-200
2024-08-05 09:43:02,c9591d79-92c7-4825-af58-64493f25ffb3,GS,BUY,442.6700,200,2,EXITING,SELL_PRESSURE,353,-200
2024-08-05 09:43:05,3aa22fb6-29fa-42d0-a46c-fe9d3206169f,GS,BUY,442.6700,200,2,EXITING,NEUTRAL,356,-200
2024-08-05 09:43:08,519a51e6-eba1-45b5-b8db-f860546bae6f,GS,BUY,443.7800,200,2,EXITING,BUY_PRESSURE,359,-200
2024-08-05 09:43:12,5c4f5ef1-4bd6-4a78-9fb2-d76214f52ad4,GS,BUY,443.6900,200,2,FLAT,BUY_PRESSURE,363,0
2024-08-05 09:43:15,998f536d-5f4c-4135-805b-7f9282a0c5af,GS,BUY,443.6900,200,2,ENTERING,NEUTRAL,366,0
2024-08-05 09:43:18,19ffa9af-fbc9-4b5e-bb57-ddfc8525281b,GS,BUY,443.7900,200,2,ENTERING,BUY_PRESSURE,369,0
2024-08-05 09:43:30,7936d49f-7fc5-4057-9871-1024d75dde56,GS,SELL,444.5700,200,2,EXITING,NEUTRAL,381,200
2024-08-05 09:43:41,0f736e50-55ef-4900-98fe-353520c6ebce,GS,BUY,444.5200,200,2,FLAT,BUY_PRESSURE,392,0
2024-08-05 09:43:44,571d79c3-5e50-4b0c-bfb7-c2cf985df55a,GS,BUY,444.5200,200,2,ENTERING,BUY_PRESSURE,395,0
2024-08-05 09:43:56,2bac52c7-f62f-49ea-bd22-0e45973528cb,GS,SELL,444.8000,200,2,EXITING,NEUTRAL,407,200
2024-08-05 09:44:11,d14cee1a-a6cd-43f8-8c0a-0ac2edceb605,GS,SELL,444.4300,200,2,FLAT,SELL_PRESSURE,422,0
2024-08-05 09:44:14,91ee1b7e-ea0e-4327-ab10-009952f9c6bd,GS,SELL,444.4700,200,2,ENTERING,SELL_PRESSURE,425,0
2024-08-05 09:44:18,749a1d20-2c7f-47ea-990a-9fa917b4b914,GS,SELL,444.4700,200,2,ENTERING,NEUTRAL,428,0
2024-08-05 09:44:29,4a9a1252-e6c9-4293-8b9e-76fe8861287f,GS,BUY,444.5500,200,2,EXITING,BUY_PRESSURE,440,-200
2024-08-05 09:44:32,77bf6f49-96c1-4f88-a737-53eac799578c,GS,BUY,444.5600,200,2,EXITING,BUY_PRESSURE,443,-200
2024-08-05 09:44:36,1af7825a-03c4-4438-aeb2-fb1ccb466267,GS,BUY,444.7400,200,2,EXITING,BUY_PRESSURE,446,-200
2024-08-05 09:44:39,bbea24bd-1d5f-431c-ae73-1d0b8f4636a6,GS,BUY,444.8300,100,1,EXITING,BUY_PRESSURE,449,-100
2024-08-05 09:44:41,a0b64ef9-aaf8-4174-8a64-2205c89a0e80,GS,BUY,444.7300,200,2,FLAT,BUY_PRESSURE,452,0
2024-08-05 09:44:44,a0a49b6c-d843-441a-b998-50acd708ab61,GS,BUY,444.7400,200,2,ENTERING,BUY_PRESSURE,455,0
2024-08-05 09:44:56,a6b19f10-f538-47cb-957e-03a354c3c75d,GS,SELL,445.4100,200,2,EXITING,NEUTRAL,467,200
2024-08-05 09:45:00,67715e02-d834-4102-ad94-68cd99cdcdc8,GS,SELL,445.4100,100,1,EXITING,NEUTRAL,470,100
2024-08-05 09:45:09,a892209a-a641-49f0-858d-9eb5f859d8a2,GS,BUY,445.6500,200,2,FLAT,BUY_PRESSURE,480,0
2024-08-05 09:45:13,c25b984c-2138-4234-9b72-b07be9e488d8,GS,BUY,445.6400,200,2,ENTERING,BUY_PRESSURE,483,0
2024-08-05 09:45:16,f890160d-6059-4076-bb9e-3dafd5b4e068,GS,BUY,445.7600,200,2,ENTERING,BUY_PRESSURE,486,0
2024-08-05 09:45:19,b56e1d3b-1868-461f-ab1f-365bbd04526e,GS,BUY,445.7600,200,2,ENTERING,BUY_PRESSURE,489,0
2024-08-05 09:45:22,a0621432-0b31-42bd-ba3b-fb562525fb5a,GS,BUY,445.7400,200,2,ENTERING,NEUTRAL,492,0
2024-08-05 09:45:25,2a3b8ed8-ac11-488b-ade7-407ad1e58ea5,GS,BUY,445.7400,200,2,ENTERING,NEUTRAL,495,0
2024-08-05 09:45:28,2eda2ebf-19ca-4e72-8305-33377f4208d8,GS,BUY,446.0600,200,2,ENTERING,NEUTRAL,498,0
2024-08-05 09:45:42,3924ab99-c2b0-4759-90c4-9b5a082e763d,GS,SELL,446.9800,200,2,EXITING,BUY_PRESSURE,513,200
2024-08-05 09:45:46,241f5a02-ff43-466d-81d6-5a1b386f9a56,GS,SELL,446.9800,200,2,EXITING,NEUTRAL,516,200
2024-08-05 09:45:49,ce037674-ac86-4a9e-96c7-a4e4dc8cf63a,GS,SELL,446.9800,200,2,EXITING,NEUTRAL,519,200
2024-08-05 09:45:51,8a47b315-788a-4b1f-b224-69d39046720c,GS,SELL,446.9800,200,2,EXITING,NEUTRAL,522,200
2024-08-05 09:45:55,8a87cf92-c076-46d1-8c25-eb66bc57f2ce,GS,SELL,446.9800,200,2,EXITING,NEUTRAL,525,200
2024-08-05 09:46:01,e7839de6-6464-4e7d-baac-cd7de59d506a,GS,BUY,446.6200,200,2,FLAT,BUY_PRESSURE,531,0
2024-08-05 09:46:12,550050c0-8771-4fe6-890c-f2a2def265c0,GS,SELL,446.5600,200,2,EXITING,NEUTRAL,542,200
2024-08-05 09:46:15,2ea27105-8044-4d51-b230-108d0fdaf2f6,GS,SELL,445.7500,200,2,EXITING,SELL_PRESSURE,545,200
2024-08-05 09:46:18,ceebcdb3-00cf-4fe7-ab75-5a092cfa765a,GS,SELL,445.8300,200,2,EXITING,SELL_PRESSURE,548,200
2024-08-05 09:46:21,2ebf3774-1a2a-47e9-9887-ea24c6c519ba,GS,SELL,445.9200,100,1,EXITING,NEUTRAL,551,100
2024-08-05 09:46:39,46d3c7e7-4c87-425a-9fca-d12b51f2ecfd,GS,BUY,446.0900,200,2,FLAT,BUY_PRESSURE,569,0
2024-08-05 09:46:50,d176a328-ce86-412d-ae98-ccc812127ad7,GS,SELL,446.4300,100,1,EXITING,BUY_PRESSURE,580,100
2024-08-05 09:46:53,9de0cd0e-e8cc-450e-a720-2fcad6812568,GS,SELL,446.4300,100,1,EXITING,NEUTRAL,583,100
2024-08-05 09:46:56,2957b285-5453-4584-b246-ef297800adca,GS,SELL,446.4300,100,1,EXITING,NEUTRAL,586,100
2024-08-05 09:46:59,fdeef9b1-6102-41af-bf74-17482b36f624,GS,SELL,446.4300,100,1,EXITING,NEUTRAL,589,100
2024-08-05 09:47:04,d61942f0-908d-4c6a-bede-96b7ebd96c4d,GS,BUY,446.5600,200,2,FLAT,BUY_PRESSURE,594,0
2024-08-05 09:47:07,9f12b248-6fea-4820-890c-ffcadd168e3f,GS,BUY,446.7400,200,2,ENTERING,BUY_PRESSURE,597,0
2024-08-05 09:47:10,f6ea97e3-51d0-4257-b9a9-6a9380b820b7,GS,BUY,446.7500,200,2,ENTERING,BUY_PRESSURE,600,0
2024-08-05 09:47:13,8aaa6baf-ddb7-4573-ac10-36cf2ed18178,GS,BUY,446.7600,200,2,ENTERING,BUY_PRESSURE,603,0
2024-08-05 09:47:25,dea9a99a-df1b-4aa8-9db6-067392537b38,GS,SELL,446.9600,200,2,EXITING,SELL_PRESSURE,615,200
2024-08-05 09:47:28,98841f71-bd4c-44ab-ad27-5342cf13a87e,GS,SELL,446.9800,200,2,EXITING,NEUTRAL,618,200
2024-08-05 09:47:31,6804f862-d556-4e8c-9220-7fedd3fbcf04,GS,SELL,446.9700,200,2,EXITING,NEUTRAL,621,200
2024-08-05 09:47:34,f5d06df3-f1d3-4777-8471-0b2b1dcc3946,GS,SELL,447.1800,100,1,EXITING,BUY_PRESSURE,624,100
2024-08-05 09:47:37,d23c9d4f-a4a4-45d9-ae82-42a2ea3152ff,GS,SELL,447.2400,100,1,EXITING,BUY_PRESSURE,627,100
2024-08-05 09:47:40,fbe187ec-1afa-46ec-a7cd-178d6e4005e9,GS,SELL,447.2400,100,1,EXITING,BUY_PRESSURE,630,100
2024-08-05 09:47:43,bd70c321-68c7-42f5-8741-6d35ce5a8997,GS,SELL,447.2300,100,1,EXITING,NEUTRAL,633,100
2024-08-05 09:47:46,38751f3d-d20f-4848-9ee0-ee869aacb370,GS,SELL,447.2300,100,1,EXITING,SELL_PRESSURE,636,100
2024-08-05 09:47:49,474a4e5a-0071-4707-8e49-481c50cc8ee7,GS,SELL,447.2300,100,1,EXITING,NEUTRAL,639,100
2024-08-05 09:47:52,a0f59a70-d9ef-473d-ab33-2d60226e951a,GS,SELL,447.2300,100,1,EXITING,NEUTRAL,642,100
2024-08-05 09:47:55,0283f0d3-5e8f-4f24-bd79-0a9ca50b020b,GS,SELL,447.2300,100,1,EXITING,NEUTRAL,645,100
2024-08-05 09:47:58,74a6965d-541e-46ad-89a9-4088a5a10a48,GS,SELL,447.2300,100,1,EXITING,NEUTRAL,648,100
2024-08-05 09:48:01,1996a45d-3984-4773-87d7-9ce36f392518,GS,SELL,447.1900,100,1,EXITING,NEUTRAL,651,100
2024-08-05 09:48:04,28ae2921-92e7-4503-ba25-6c83fdf718bc,GS,SELL,447.1900,100,1,EXITING,NEUTRAL,654,100
2024-08-05 09:48:07,e5ef8224-4b7a-44b0-bec0-0f5df94f21ea,GS,SELL,447.1500,100,1,EXITING,SELL_PRESSURE,657,100
2024-08-05 09:48:10,f5282f7b-e8fb-4d46-a6a6-c247b7a4e458,GS,SELL,447.1500,100,1,EXITING,SELL_PRESSURE,660,100
2024-08-05 09:48:13,62c694bd-969f-413c-8729-f1c3f278755b,GS,SELL,447.0800,100,1,EXITING,SELL_PRESSURE,663,100
2024-08-05 09:48:16,87d7068e-6e5f-4922-a99d-012b598e7849,GS,SELL,447.0800,100,1,EXITING,SELL_PRESSURE,666,100
2024-08-05 09:48:19,c88dbdba-2092-407e-aca5-34cd2c7b09bc,GS,SELL,446.9200,100,1,EXITING,SELL_PRESSURE,669,100
2024-08-05 09:48:22,cf9d0af4-9429-45e9-adf4-f8bedaadbe2e,GS,SELL,446.4300,100,1,EXITING,SELL_PRESSURE,672,100
2024-08-05 09:48:25,ae8d44a6-da3e-4e57-b1d6-d99860e57d44,GS,SELL,446.4300,100,1,EXITING,SELL_PRESSURE,675,100
2024-08-05 09:48:28,70efc2e0-a50a-41db-a820-46aa70e3afdf,GS,SELL,446.4300,100,1,EXITING,SELL_PRESSURE,678,100
2024-08-05 09:48:31,d88130c3-cf85-4d85-a401-957e088cfcd7,GS,SELL,446.4300,100,1,EXITING,NEUTRAL,681,100
2024-08-05 09:48:34,bf3126f4-9e96-4baf-b263-8d50c938c10c,GS,SELL,446.4300,100,1,EXITING,NEUTRAL,684,100
2024-08-05 09:48:37,6a4cfd35-e929-4acd-a4c6-750b0a493670,GS,SELL,446.4300,100,1,EXITING,NEUTRAL,687,100
2024-08-05 09:48:40,9bf1dc8a-3940-44f7-94dc-9aba409881ce,GS,SELL,446.1000,100,1,EXITING,NEUTRAL,690,100
2024-08-05 09:48:43,50625832-0b94-4673-85ea-29cee677e8d4,GS,SELL,446.1000,100,1,EXITING,SELL_PRESSURE,693,100
2024-08-05 09:48:49,5218cda1-81e5-44ab-bf1c-20c6ead7a444,GS,BUY,446.9000,200,2,FLAT,BUY_PRESSURE,699,0
2024-08-05 09:49:00,a00585f5-7529-4a6e-b9dc-7a59a2e37e9a,GS,SELL,447.3700,200,2,EXITING,NEUTRAL,710,200
2024-08-05 09:49:03,c8822a39-6f95-41b2-9f85-21a7b7202327,GS,SELL,447.3100,200,2,EXITING,NEUTRAL,713,200
2024-08-05 09:49:06,0d7a2564-4a0e-40ce-9807-2bf1ac965346,GS,SELL,447.3800,200,2,EXITING,NEUTRAL,716,200
2024-08-05 09:49:09,09f81e2a-3575-4e3c-b3e2-cec0ac9af365,GS,SELL,447.3800,200,2,EXITING,BUY_PRESSURE,719,200
2024-08-05 09:49:12,4e3403cc-fb7d-47b3-ab57-6a863114d3ef,GS,SELL,447.3800,200,2,EXITING,BUY_PRESSURE,722,200
2024-08-05 09:49:15,d2c8df12-5faf-42af-8af0-768ded33f353,GS,SELL,447.3800,200,2,EXITING,NEUTRAL,725,200
2024-08-05 09:49:18,0f233144-c75d-4adc-8a0a-d37d948f05c0,GS,SELL,447.4400,200,2,EXITING,BUY_PRESSURE,728,200
2024-08-05 09:49:21,2a4a59b8-c54c-4509-94ac-96aa094de5db,GS,SELL,447.1600,200,2,EXITING,NEUTRAL,731,200
2024-08-05 09:49:24,08a42262-8929-436e-88ab-993352025533,GS,SELL,447.2200,200,2,EXITING,BUY_PRESSURE,734,200
2024-08-05 09:49:27,be67070b-af4f-4f6a-be0f-63584e7c67fe,GS,SELL,446.8000,200,2,EXITING,BUY_PRESSURE,737,200
2024-08-05 09:49:30,05d5942c-4fde-44b0-9922-0aa7f1cecbc5,GS,SELL,446.8300,200,2,EXITING,NEUTRAL,740,200
2024-08-05 09:49:33,6d250423-3d1b-4cb7-938d-c8b2423e952d,GS,SELL,446.8500,200,2,EXITING,NEUTRAL,743,200
2024-08-05 09:49:37,27fad535-c129-4bc8-8523-9258ca2a5d40,GS,BUY,446.8300,200,2,FLAT,BUY_PRESSURE,747,0
2024-08-05 09:49:40,862089ea-1bd0-438e-818c-38144483435f,GS,BUY,447.0900,200,2,ENTERING,BUY_PRESSURE,750,0
2024-08-05 09:49:43,db608db0-30b2-4396-bc8c-2e009bf0b81f,GS,BUY,447.0900,200,2,ENTERING,BUY_PRESSURE,753,0
2024-08-05 09:49:46,c64811e5-f25c-4ff4-9482-69e03be19849,GS,BUY,447.1000,200,2,ENTERING,BUY_PRESSURE,756,0
2024-08-05 09:49:49,45da165a-f1db-4202-bae0-8282ac0eaa13,GS,BUY,447.2500,200,2,ENTERING,BUY_PRESSURE,759,0
2024-08-05 09:49:52,93a1141e-0710-4ed3-a250-94b45c10b576,GS,BUY,447.7100,200,2,ENTERING,BUY_PRESSURE,762,0
2024-08-05 09:49:55,45d54b1f-6926-4fad-81e5-207cd1a9cf45,GS,BUY,447.7200,200,2,ENTERING,BUY_PRESSURE,765,0
2024-08-05 09:49:58,1f196041-b97c-4069-9f21-634278f24b3b,GS,BUY,447.7300,200,2,ENTERING,BUY_PRESSURE,768,0
2024-08-05 09:50:01,e80d687d-90c9-44cd-b009-ab5d75066338,GS,BUY,447.7300,200,2,ENTERING,BUY_PRESSURE,771,0
2024-08-05 09:50:04,e62291da-9fa1-46f0-8314-91cbe31bf9ee,GS,BUY,447.7300,200,2,ENTERING,NEUTRAL,774,0
2024-08-05 09:50:07,376a2d36-fcfc-474e-892b-a04bb7967843,GS,BUY,447.7500,200,2,ENTERING,NEUTRAL,777,0
2024-08-05 09:50:10,d1ecd0c8-2d1e-44fc-a1a1-26331ca36698,GS,BUY,448.1100,200,2,ENTERING,BUY_PRESSURE,780,0
2024-08-05 09:50:13,b1bd678c-31f6-4708-968d-dbe1de42f79b,GS,BUY,448.5300,200,2,ENTERING,BUY_PRESSURE,783,0
2024-08-05 09:50:16,ed465953-bbe5-468b-a9cf-0eb3f709c9e4,GS,BUY,448.6300,200,2,ENTERING,BUY_PRESSURE,786,0
2024-08-05 09:50:19,eb2c509f-044c-4dbe-af71-a5d42ffc3efb,GS,BUY,448.7000,200,2,ENTERING,BUY_PRESSURE,789,0
2024-08-05 09:50:22,2f2c1084-3f10-4d52-bcd2-4815c648373a,GS,BUY,448.9200,200,2,ENTERING,BUY_PRESSURE,792,0
2024-08-05 09:50:25,efaec772-6beb-472c-88cd-ad16b3273400,GS,BUY,449.0100,200,2,ENTERING,BUY_PRESSURE,795,0
2024-08-05 09:50:28,98ae9bde-3e2d-40e3-ba96-266f89c1b1e1,GS,BUY,449.0200,200,2,ENTERING,BUY_PRESSURE,798,0
2024-08-05 09:50:31,bd6192a1-262b-4bb8-ad51-1b27beca3944,GS,BUY,449.0900,200,2,ENTERING,BUY_PRESSURE,801,0
2024-08-05 09:50:43,be162f92-3bd5-4a95-a573-dd397937f8f1,GS,SELL,449.1800,100,1,EXITING,NEUTRAL,813,100
2024-08-05 09:50:46,fd02d26c-874c-46b9-a48b-8af3d6a2388e,GS,SELL,448.5800,100,1,EXITING,SELL_PRESSURE,816,100
2024-08-05 09:50:49,ebeb0258-ddf5-4e06-8e7a-2e2be7e40946,GS,SELL,448.5700,100,1,EXITING,SELL_PRESSURE,819,100
2024-08-05 09:50:56,acd5ba0a-486a-4b74-84d8-dedaa73bcc0d,GS,BUY,448.2100,200,2,FLAT,BUY_PRESSURE,826,0
2024-08-05 09:50:59,0aefda41-2bbe-45df-8850-3c4d17b8e97d,GS,BUY,448.2200,200,2,ENTERING,BUY_PRESSURE,829,0
2024-08-05 09:51:11,cf6fda7f-b14d-449e-a2b5-f74f94b72823,GS,SELL,448.5600,100,1,EXITING,NEUTRAL,841,100
2024-08-05 09:51:15,91a4ef6f-ae3b-48db-8293-99f4d945336b,GS,SELL,448.5600,100,1,EXITING,NEUTRAL,844,100
2024-08-05 09:51:19,406895cb-0148-4287-920e-0b43fccec3c0,GS,SELL,448.5900,100,1,EXITING,NEUTRAL,848,100
2024-08-05 09:51:22,28789b28-d5fc-4d82-8fc7-acd42f981f6e,GS,SELL,448.5600,100,1,EXITING,NEUTRAL,851,100
2024-08-05 09:51:25,3671c018-4585-4057-b1f3-6264c1464f83,GS,SELL,448.5600,100,1,EXITING,NEUTRAL,854,100
2024-08-05 09:51:27,12088334-016c-48b7-ae66-4370d1996bdc,GS,SELL,448.5600,100,1,EXITING,NEUTRAL,857,100
2024-08-05 09:51:31,a9880a0d-9d52-4e16-bbb5-bf43877b0c2d,GS,SELL,448.3700,100,1,EXITING,NEUTRAL,860,100
2024-08-05 09:51:34,43c7c281-b143-4079-87b2-715a45e3f033,GS,SELL,448.2500,100,1,EXITING,SELL_PRESSURE,863,100
2024-08-05 09:51:37,bd7f4153-9ec8-4637-a613-466b488fd65a,GS,SELL,448.3200,100,1,EXITING,NEUTRAL,866,100
2024-08-05 09:51:40,4dc7d09a-1961-4167-a811-34fdde1659d3,GS,SELL,448.3200,100,1,EXITING,BUY_PRESSURE,869,100
2024-08-05 09:51:43,db5d3260-076f-4427-8ecc-7d1b84b8a99d,GS,SELL,448.3200,100,1,EXITING,NEUTRAL,872,100
2024-08-05 09:51:46,d4dbcd53-430b-491e-9bd0-1c8f996ef246,GS,SELL,448.3200,100,1,EXITING,NEUTRAL,875,100
2024-08-05 09:51:49,f044c6d6-0a68-4194-9622-43a74800de61,GS,SELL,448.2800,100,1,EXITING,NEUTRAL,878,100
2024-08-05 09:51:52,f25d1caf-36dc-4c34-a317-54d23efe883a,GS,SELL,447.9300,100,1,EXITING,SELL_PRESSURE,881,100
2024-08-05 09:51:55,221eca10-0919-4669-a362-d9e1a04a52d2,GS,SELL,447.7500,100,1,EXITING,SELL_PRESSURE,884,100
2024-08-05 09:51:58,b0679470-860f-43a2-b3cf-eb4a3a0a7413,GS,SELL,447.7800,100,1,EXITING,NEUTRAL,887,100
2024-08-05 09:52:01,a5e9a1da-6463-4f21-a518-220eac865c96,GS,SELL,447.7500,100,1,EXITING,NEUTRAL,890,100
2024-08-05 09:52:04,684d6052-74ae-4b1c-bfb4-2cbdade21670,GS,SELL,447.2600,100,1,EXITING,SELL_PRESSURE,893,100
2024-08-05 09:52:08,302a5bb6-a6dc-4186-bd81-64d81938aed2,GS,SELL,447.3700,200,2,FLAT,SELL_PRESSURE,897,0
2024-08-05 09:52:19,cad3436f-bf57-462a-b017-6dea7eda9b55,GS,BUY,447.4300,200,2,EXITING,NEUTRAL,908,-200
2024-08-05 09:52:22,636b3930-7644-4463-92a3-3c1355ae3090,GS,BUY,447.4300,200,2,EXITING,BUY_PRESSURE,911,-200
2024-08-05 09:52:25,2513449c-31c0-4800-861b-7f6b755a0d33,GS,BUY,447.5800,200,2,EXITING,BUY_PRESSURE,914,-200
2024-08-05 09:52:28,26f3df60-329d-44cc-82ef-6a9f9378a99a,GS,BUY,447.6100,200,2,EXITING,BUY_PRESSURE,917,-200
2024-08-05 09:52:31,adb495df-996b-4c1f-9185-4b848849f9b1,GS,BUY,447.8700,200,2,EXITING,BUY_PRESSURE,920,-200
2024-08-05 09:52:34,b01e39cc-7388-400d-b9ef-47869857594e,GS,BUY,447.9400,200,2,EXITING,BUY_PRESSURE,923,-200
2024-08-05 09:52:37,8da272e7-debb-4846-8888-801904b20a09,GS,BUY,447.9400,200,2,EXITING,BUY_PRESSURE,926,-200
2024-08-05 09:52:40,a46ca4ce-acc1-412c-b1fe-13b53cc872f5,GS,BUY,447.9600,200,2,EXITING,BUY_PRESSURE,929,-200
2024-08-05 09:52:43,bb12c4c1-834e-471f-b9b0-6cb9cb4400ae,GS,BUY,447.9500,200,2,EXITING,NEUTRAL,932,-200
2024-08-05 09:53:02,38859185-d898-4818-b275-6db6bfa24909,GS,SELL,447.6800,200,2,FLAT,SELL_PRESSURE,951,0
2024-08-05 09:53:13,c6780fe6-e772-44a9-8fb2-51c49503a8fc,GS,BUY,447.1700,200,2,EXITING,NEUTRAL,962,-200
2024-08-05 09:53:16,04d47bac-89eb-4dd9-88b4-c66a82581787,GS,BUY,446.5500,100,1,EXITING,NEUTRAL,965,-100
2024-08-05 09:53:19,d0e11fb3-38bb-47d4-aaf8-3215dc6f5887,GS,BUY,446.5500,100,1,EXITING,SELL_PRESSURE,968,-100
2024-08-05 09:53:22,c05a3fa9-8560-4c28-b091-fe02cfbba444,GS,SELL,446.9200,200,2,FLAT,SELL_PRESSURE,971,0
2024-08-05 09:53:25,95765e41-6b16-405c-aeff-617bdbcff7f2,GS,SELL,446.9200,200,2,ENTERING,SELL_PRESSURE,974,0
2024-08-05 09:53:28,298a6e59-6302-41c3-9457-11e5fa84e5fe,GS,SELL,446.7400,200,2,ENTERING,NEUTRAL,977,0
2024-08-05 09:53:31,4ff32ea9-ff1e-4cef-bdb7-e73f53958922,GS,SELL,446.7200,200,2,ENTERING,SELL_PRESSURE,980,0
2024-08-05 09:53:34,941ff7b6-3659-43f3-8dc3-b3eec24105be,GS,SELL,446.3100,200,2,ENTERING,SELL_PRESSURE,983,0
2024-08-05 09:53:37,a4b9a10c-396e-4d0f-96f9-a8a24dbdd84d,GS,SELL,446.3800,200,2,ENTERING,SELL_PRESSURE,986,0
2024-08-05 09:53:40,ca7e50dd-97b8-44e4-8045-470461008ebd,GS,SELL,445.9700,200,2,ENTERING,SELL_PRESSURE,989,0
2024-08-05 09:53:43,cdf0c2d3-4129-4687-ad7b-b7a8978cb435,GS,SELL,445.9200,200,2,ENTERING,SELL_PRESSURE,992,0
2024-08-05 09:53:46,89990399-a1ed-4d8a-82d2-d6914865e434,GS,SELL,445.7400,200,2,ENTERING,SELL_PRESSURE,995,0
2024-08-05 09:53:49,c94b41c8-2134-4994-8e5a-20c595168b70,GS,SELL,445.6500,200,2,ENTERING,SELL_PRESSURE,998,0
2024-08-05 09:53:52,64532fe5-e371-453a-a28d-f18fe9f59db3,GS,SELL,445.4700,200,2,ENTERING,SELL_PRESSURE,1001,0
2024-08-05 09:53:55,e918637e-f8ee-4aa6-99f6-1d5e0ee639de,GS,SELL,445.0800,200,2,ENTERING,SELL_PRESSURE,1004,0
2024-08-05 09:54:07,b03dfdc3-f1e7-431c-9616-28d633a1fc7f,GS,BUY,445.2400,200,2,EXITING,NEUTRAL,1016,-200
2024-08-05 09:54:10,1a8a0d17-2142-40a2-a4ee-9bbcd2c18bb1,GS,BUY,445.3400,200,2,EXITING,NEUTRAL,1019,-200
2024-08-05 09:54:13,e29a907a-0796-41c1-bc1e-e54dd45b611c,GS,BUY,445.3400,200,2,EXITING,BUY_PRESSURE,1022,-200
2024-08-05 09:54:16,6c23d09b-2680-4a90-88fa-e8cad4761454,GS,BUY,446.1400,200,2,EXITING,BUY_PRESSURE,1025,-200
2024-08-05 09:54:19,ed368e9c-676c-4531-85f1-8ba1ef588fc8,GS,BUY,446.8900,200,2,EXITING,BUY_PRESSURE,1028,-200
2024-08-05 09:54:21,a2241823-a373-41b6-9415-23261040d8bc,GS,BUY,446.7800,200,2,FLAT,BUY_PRESSURE,1030,0
2024-08-05 09:54:24,ff51a0d1-1f5d-43c9-9bfa-3cc1a3ae56d6,GS,BUY,446.7800,200,2,ENTERING,NEUTRAL,1033,0
2024-08-05 09:54:27,3af8592f-ca97-45de-8f4f-c51800fad43b,GS,BUY,446.7800,200,2,ENTERING,NEUTRAL,1036,0
2024-08-05 09:54:39,5e499d6d-c018-4836-a2b5-0b428323e035,GS,SELL,446.5100,200,2,EXITING,BUY_PRESSURE,1048,200
2024-08-05 09:54:42,8fdbc349-9053-489a-843f-bb00827b1d54,GS,SELL,446.5100,200,2,EXITING,BUY_PRESSURE,1051,200
2024-08-05 09:54:45,c73f8a21-5e47-4343-b99f-6892f34e1101,GS,SELL,446.5100,200,2,EXITING,NEUTRAL,1054,200
2024-08-05 09:54:59,73a9c4e5-acee-41a8-b9b6-1adba2e07a60,GS,BUY,446.5200,200,2,FLAT,BUY_PRESSURE,1068,0
2024-08-05 09:55:02,249cab0d-82b6-48eb-8027-de90dd5561b4,GS,BUY,446.5200,200,2,ENTERING,BUY_PRESSURE,1071,0
2024-08-05 09:55:05,f85b332e-32ca-4d2a-9cf1-31d7d2ee6fbc,GS,BUY,446.5200,200,2,ENTERING,NEUTRAL,1074,0
2024-08-05 09:55:08,5bfaaf4d-092c-4234-acb5-accebbc91b14,GS,BUY,446.5200,200,2,ENTERING,NEUTRAL,1077,0
2024-08-05 09:55:11,99e3c6cf-a2b7-4e52-a4ea-92371f16ec1d,GS,BUY,446.5200,200,2,ENTERING,NEUTRAL,1080,0
2024-08-05 09:55:14,e9213243-9d8d-44af-bb17-4813ac0bc10c,GS,BUY,446.5200,200,2,ENTERING,NEUTRAL,1083,0
2024-08-05 09:55:17,dd6bda5d-6ea7-4a4d-91e7-b1f6c898e595,GS,BUY,446.5200,200,2,ENTERING,NEUTRAL,1086,0
2024-08-05 09:55:20,07cca254-02da-4486-916b-d5a8f6eb3c3c,GS,BUY,446.5200,200,2,ENTERING,NEUTRAL,1089,0
2024-08-05 09:55:23,923ec4f1-5f69-4e70-b1e8-4e0500b34957,GS,BUY,446.5200,200,2,ENTERING,NEUTRAL,1092,0
2024-08-05 09:55:26,18fa1278-4b71-4327-b5dc-1001ad546281,GS,BUY,446.5200,200,2,ENTERING,NEUTRAL,1095,0
2024-08-05 09:55:38,bcfd881b-d325-4b86-8b6f-13156b167e43,GS,SELL,447.2200,100,1,EXITING,NEUTRAL,1107,100
2024-08-05 09:55:41,d0e935c4-b07e-4ee6-9522-9e745a7b05a2,GS,SELL,447.4800,100,1,EXITING,BUY_PRESSURE,1110,100
2024-08-05 09:55:44,0f807759-88b7-4b63-bb01-e5898de14293,GS,SELL,447.1900,100,1,EXITING,NEUTRAL,1113,100
2024-08-05 09:55:49,785997d9-b29f-4e15-b8ab-ed44f711f8dc,GS,SELL,447.2700,200,2,FLAT,SELL_PRESSURE,1118,0
2024-08-05 09:55:52,8590bcb2-4d00-48b1-9505-bc7d3ac52b65,GS,SELL,447.4300,200,2,ENTERING,NEUTRAL,1121,0
2024-08-05 09:55:55,f60ea8a7-7542-4225-a98d-7f43d76d4608,GS,SELL,447.4300,200,2,ENTERING,NEUTRAL,1124,0
2024-08-05 09:55:58,8bf8ddef-ecec-46fd-9a62-64d49de387de,GS,SELL,447.4300,200,2,ENTERING,NEUTRAL,1127,0
2024-08-05 09:56:01,cefdbe47-6abf-4fa6-9ff4-342a6f38cf8c,GS,SELL,447.4300,200,2,ENTERING,NEUTRAL,1130,0
2024-08-05 09:56:04,d753b32e-0668-448c-b6a8-82abed75c364,GS,SELL,447.0800,200,2,ENTERING,NEUTRAL,1133,0
2024-08-05 09:56:16,e04c6af3-f64c-4d33-880d-c1518c4028c2,GS,BUY,447.3900,200,2,EXITING,BUY_PRESSURE,1145,-200
2024-08-05 09:56:19,7b72bc6e-629a-4859-82bc-821e107c0ed6,GS,BUY,447.6200,200,2,EXITING,NEUTRAL,1148,-200
2024-08-05 09:56:22,895373b0-9425-4890-8c1d-b6036ac66915,GS,BUY,447.8100,200,2,EXITING,BUY_PRESSURE,1151,-200
2024-08-05 09:56:24,76e5eb1c-ec4b-46db-9934-f54396aec50e,GS,BUY,447.5700,200,2,FLAT,BUY_PRESSURE,1153,0
2024-08-05 09:56:35,52ce225d-ff5c-4f79-abcf-5f230e94a7bd,GS,SELL,447.7900,100,1,EXITING,NEUTRAL,1164,100
2024-08-05 09:56:38,cc186011-532a-43e1-9c64-a664722353d1,GS,SELL,447.5800,100,1,EXITING,SELL_PRESSURE,1167,100
2024-08-05 09:56:41,3db91151-7e32-439b-8bf8-29fe10cc1fc2,GS,SELL,447.5800,100,1,EXITING,SELL_PRESSURE,1170,100
2024-08-05 09:57:06,9f449bd5-257d-4cd5-a5b4-2369d4a4e5a1,GS,SELL,447.3700,200,2,FLAT,SELL_PRESSURE,1195,0
2024-08-05 09:57:10,fe6a5c8a-6b35-4fa2-93a0-d02f1bf0d7fb,GS,SELL,447.3700,200,2,ENTERING,SELL_PRESSURE,1198,0
2024-08-05 09:57:13,53fd2614-18bf-472a-9485-bdfaa2d8ea72,GS,SELL,447.3700,200,2,ENTERING,NEUTRAL,1201,0
2024-08-05 09:57:16,c1832a4c-ad67-45e3-bbc9-c8beca112eac,GS,SELL,447.3700,200,2,ENTERING,NEUTRAL,1204,0
2024-08-05 09:57:19,4b0b9ab4-db9d-477a-abd0-9105d0c5125d,GS,SELL,447.3000,200,2,ENTERING,NEUTRAL,1207,0
2024-08-05 09:57:22,93e7318d-849c-41d3-bc97-b7aac24bb38f,GS,SELL,447.3000,200,2,ENTERING,NEUTRAL,1210,0
2024-08-05 09:57:25,55ea7a14-6619-4220-9f75-8e3152327fab,GS,SELL,447.3000,200,2,ENTERING,NEUTRAL,1213,0
2024-08-05 09:57:28,e99f80ec-fb5c-490d-b3f5-f24fc896ea65,GS,SELL,447.3000,200,2,ENTERING,NEUTRAL,1216,0
2024-08-05 09:57:31,9f7505ba-1ff6-46b3-8ee7-60c6cbddb5a6,GS,SELL,447.3000,200,2,ENTERING,NEUTRAL,1219,0
2024-08-05 09:57:34,8b17ac06-228f-48c9-9737-6a679f4c4552,GS,SELL,447.3000,200,2,ENTERING,NEUTRAL,1222,0
2024-08-05 09:57:36,7198456f-cdef-4a96-a34d-8ce6a573f61b,GS,SELL,447.3000,200,2,ENTERING,NEUTRAL,1225,0
2024-08-05 09:57:40,b2d46530-92fe-4451-a9a6-ff6fa9d2a615,GS,SELL,447.3000,200,2,ENTERING,NEUTRAL,1228,0
2024-08-05 09:57:43,870f70a9-0feb-4ab0-83ea-52e20a2abf81,GS,SELL,447.3000,200,2,ENTERING,NEUTRAL,1231,0
2024-08-05 09:57:46,f9203d29-9a9f-4119-87f9-1c9ae47cfc67,GS,SELL,447.3400,200,2,ENTERING,NEUTRAL,1234,0
2024-08-05 09:57:49,2a28e7a7-2b35-4c41-a631-e436fce85ebc,GS,SELL,447.0000,200,2,ENTERING,NEUTRAL,1237,0
2024-08-05 09:57:52,93fa304e-219e-4a0b-b4b0-4a57b5c20bb3,GS,SELL,445.9400,200,2,ENTERING,SELL_PRESSURE,1240,0
2024-08-05 09:57:55,28840ca8-db56-47c5-903f-fbfd7be38dc0,GS,SELL,445.9400,200,2,ENTERING,SELL_PRESSURE,1243,0
2024-08-05 09:57:58,8a155197-3700-41f7-910c-8d9e5d67bc6b,GS,SELL,445.9400,200,2,ENTERING,NEUTRAL,1246,0
2024-08-05 09:58:10,9e7bd898-6b3f-4500-a368-9bdf4c5e59f1,GS,BUY,446.0100,200,2,EXITING,NEUTRAL,1258,-200
2024-08-05 09:58:13,a32ddde6-98c2-41a4-8436-0e16b008b163,GS,BUY,446.0700,200,2,EXITING,NEUTRAL,1261,-200
2024-08-05 09:58:16,9135afca-503a-44e7-bd28-e6d3ae8258fb,GS,BUY,446.3500,200,2,EXITING,BUY_PRESSURE,1264,-200
2024-08-05 09:58:19,11c4b5bb-2dc4-4ce6-a342-0bcf2f91a377,GS,BUY,446.3500,200,2,EXITING,BUY_PRESSURE,1267,-200
2024-08-05 09:58:22,415ace3f-7749-40f5-9a59-06a5b891779f,GS,BUY,446.3500,200,2,EXITING,NEUTRAL,1270,-200
2024-08-05 09:58:25,ef748365-8e2e-4c36-a063-ad01dc987fbd,GS,BUY,446.4600,200,2,EXITING,NEUTRAL,1273,-200
2024-08-05 09:58:28,bc5048e6-6486-4694-ad02-0b36ccc1d8c6,GS,BUY,446.4600,200,2,EXITING,BUY_PRESSURE,1276,-200
2024-08-05 09:58:31,fdde11a1-0ded-4305-9dce-de8f044090f7,GS,BUY,446.3800,200,2,EXITING,NEUTRAL,1279,-200
2024-08-05 09:58:34,fadbc23e-922a-43fb-a6bf-c30f9611c60b,GS,BUY,446.3800,200,2,EXITING,NEUTRAL,1282,-200
2024-08-05 09:58:37,a8383fa8-9f1c-48c6-9c75-7919ae9e99fe,GS,BUY,446.3900,200,2,EXITING,NEUTRAL,1285,-200
2024-08-05 09:58:40,a25f0426-71f6-45bc-b1f0-a9feb3ceaebf,GS,BUY,446.3900,200,2,EXITING,NEUTRAL,1288,-200
2024-08-05 09:58:43,784de3b3-a0e2-4f6c-a773-72df25d6f1c0,GS,BUY,446.3900,200,2,EXITING,NEUTRAL,1291,-200
2024-08-05 09:58:46,08623424-b323-4c15-8a17-c0fa7168ce61,GS,BUY,446.3900,200,2,EXITING,NEUTRAL,1294,-200
2024-08-05 09:58:49,4e3db577-8741-467d-a6b9-f4f65cd1bbd4,GS,BUY,446.3900,200,2,EXITING,NEUTRAL,1297,-200
2024-08-05 09:58:52,2bf8c7c9-7402-4dd4-a8f2-80f0dfbf728f,GS,BUY,446.5300,200,2,EXITING,NEUTRAL,1300,-200
2024-08-05 09:58:55,fe1e539e-8d92-4e05-953e-42060c365baf,GS,BUY,446.4500,200,2,EXITING,NEUTRAL,1303,-200
2024-08-05 09:58:58,c2bcd9b0-3144-440d-afc9-f48b8815396f,GS,BUY,446.5200,200,2,EXITING,NEUTRAL,1306,-200
2024-08-05 09:59:01,07f495aa-7a98-41d2-8f6e-750197cffd39,GS,BUY,446.6400,200,2,EXITING,NEUTRAL,1309,-200
2024-08-05 09:59:04,b2017d8d-7158-4a17-8792-0346b9547604,GS,BUY,446.5200,200,2,EXITING,NEUTRAL,1312,-200
2024-08-05 09:59:07,3f648f11-fea1-4016-a9e8-041ad4fb758f,GS,BUY,446.5200,200,2,EXITING,NEUTRAL,1315,-200
2024-08-05 09:59:10,7af46a08-aa97-45bf-b0d3-3aee42657982,GS,BUY,446.5200,200,2,EXITING,NEUTRAL,1318,-200
2024-08-05 09:59:47,891fe856-49d4-4018-8d63-7506c0f8aedf,GS,SELL,446.8600,200,2,FLAT,SELL_PRESSURE,1355,0
2024-08-05 09:59:58,1fce59c9-b46c-4d09-b41d-9a32ee492e9f,GS,BUY,446.1400,100,1,EXITING,SELL_PRESSURE,1366,-100
2024-08-05 10:00:00,49a70cf0-c8b5-41a1-b399-5543d44eb9f1,GS,SELL,447.5900,200,2,FLAT,SELL_PRESSURE,1369,0
2024-08-05 10:00:02,ce90fa6f-cbc2-477e-a78d-3b6fead9dd4b,GS,SELL,447.6000,200,2,ENTERING,NEUTRAL,1372,0
2024-08-05 10:00:16,b674a89f-8b6e-4e6a-a807-07635b188417,GS,BUY,449.0400,200,2,EXITING,BUY_PRESSURE,1384,-200
2024-08-05 10:00:19,308b49d3-1480-4539-a513-9518eedbfb95,GS,BUY,448.9000,200,2,FLAT,BUY_PRESSURE,1387,0
2024-08-05 10:00:22,10b4f0c9-9b5c-481f-a01c-184ace1f4b9f,GS,BUY,448.9000,200,2,ENTERING,NEUTRAL,1390,0
2024-08-05 10:00:25,f959932b-d76b-4ad9-89e6-35b3af1d2d66,GS,BUY,448.9000,200,2,ENTERING,NEUTRAL,1393,0
2024-08-05 10:00:28,a962098c-b5b8-4cd6-8103-a296d7c742f2,GS,BUY,449.0400,200,2,ENTERING,NEUTRAL,1396,0
2024-08-05 10:00:31,c4694c11-c805-4df8-ad86-4e2b8d05272a,GS,BUY,449.2800,200,2,ENTERING,BUY_PRESSURE,1399,0
2024-08-05 10:00:46,934761ec-6177-40ad-be43-603deb6dd75a,GS,SELL,449.7200,200,2,EXITING,BUY_PRESSURE,1414,200
2024-08-05 10:00:49,cdd66263-a2d4-40fc-b5db-993c30eb4a4d,GS,SELL,449.7200,200,2,EXITING,BUY_PRESSURE,1417,200
2024-08-05 10:00:52,5591ce5a-e0f0-430b-94b8-03bba8e09ca0,GS,BUY,449.9600,200,2,FLAT,BUY_PRESSURE,1420,0
2024-08-05 10:00:55,58e0054c-b787-49a6-82dd-81c9ef0e1fd4,GS,BUY,450.1700,200,2,ENTERING,BUY_PRESSURE,1423,0
2024-08-05 10:01:07,fd7d4509-2e7d-4976-93a2-88ee6542c76d,GS,SELL,450.5200,100,1,EXITING,NEUTRAL,1435,100
2024-08-05 10:01:10,6f33c4f4-9174-4757-89e8-c759a0c9cbf0,GS,SELL,450.5500,100,1,EXITING,NEUTRAL,1438,100
2024-08-05 10:01:13,edf754a9-8b25-418c-882d-ab87caeae957,GS,SELL,450.5200,100,1,EXITING,NEUTRAL,1441,100
2024-08-05 10:01:22,dc0ad6b6-21b0-4404-90ec-668528d313ce,GS,BUY,450.4500,200,2,FLAT,BUY_PRESSURE,1450,0
2024-08-05 10:01:25,89cfd8f0-599a-4fbd-99d0-cefa4056a231,GS,BUY,450.4500,200,2,ENTERING,NEUTRAL,1453,0
2024-08-05 10:01:28,52cf3706-25d0-405a-8391-0742e164b938,GS,BUY,450.4500,200,2,ENTERING,NEUTRAL,1456,0
2024-08-05 10:01:31,d239bd5b-c3ca-47ef-b049-8be20b2854bd,GS,BUY,450.4900,200,2,ENTERING,NEUTRAL,1459,0
2024-08-05 10:01:34,01514a84-fb3e-4fa9-98a7-6da5ca463877,GS,BUY,450.5100,200,2,ENTERING,NEUTRAL,1462,0
2024-08-05 10:01:37,e83de498-369b-495b-b241-add7329284c0,GS,BUY,450.5100,200,2,ENTERING,BUY_PRESSURE,1465,0
2024-08-05 10:01:40,b02e45e3-f6f4-43c4-9ec9-99654692c209,GS,BUY,450.5100,200,2,ENTERING,NEUTRAL,1468,0
2024-08-05 10:01:43,c5bf8ae8-3a25-42a4-a5ba-856c8f575ba4,GS,BUY,450.5300,200,2,ENTERING,NEUTRAL,1471,0
2024-08-05 10:01:46,3134a856-3884-41e3-9edf-77cbe7267e8c,GS,BUY,450.6700,200,2,ENTERING,BUY_PRESSURE,1474,0
2024-08-05 10:01:49,04f28a8a-c4c9-469a-adde-530080d777c4,GS,BUY,450.5100,200,2,ENTERING,BUY_PRESSURE,1477,0
2024-08-05 10:01:52,9dd99650-e9a8-4667-8723-831bcdd119ba,GS,BUY,450.5100,200,2,ENTERING,NEUTRAL,1480,0
2024-08-05 10:01:55,eb4f0499-5b02-4454-804a-e069f8e26754,GS,BUY,450.5100,200,2,ENTERING,NEUTRAL,1483,0
2024-08-05 10:01:58,95265375-10c9-402a-8649-9ba2753fd11e,GS,BUY,450.5100,200,2,ENTERING,NEUTRAL,1486,0
2024-08-05 10:02:01,bdf88faa-64aa-4b24-bbc6-9b3ea2f75770,GS,BUY,450.5100,200,2,ENTERING,NEUTRAL,1489,0
2024-08-05 10:02:04,5898b8f0-fc42-4262-a470-593262342cca,GS,BUY,450.5100,200,2,ENTERING,NEUTRAL,1492,0
2024-08-05 10:02:07,65d0191c-4c39-4325-9c5d-cb2c32a65b5d,GS,BUY,450.5100,200,2,ENTERING,NEUTRAL,1495,0
2024-08-05 10:02:10,c4915932-e42e-4259-99a9-e62b6d3397ae,GS,BUY,450.5100,200,2,ENTERING,NEUTRAL,1498,0
2024-08-05 10:02:13,dd9441b7-2d2b-4c38-89eb-c6cf041d577e,GS,BUY,451.0800,200,2,ENTERING,NEUTRAL,1501,0
2024-08-05 10:02:25,2b4b0066-14ec-4c7b-a99e-5f4a6c7e03d8,GS,SELL,450.8200,200,2,EXITING,NEUTRAL,1513,200
2024-08-05 10:02:30,9a15fd99-e8e9-4904-8931-ba8f335b3e7a,GS,SELL,450.8000,200,2,FLAT,SELL_PRESSURE,1518,0
2024-08-05 10:02:33,12fa10a5-c5dc-4178-8b07-ef48c66d5e10,GS,SELL,450.7700,200,2,ENTERING,SELL_PRESSURE,1521,0
2024-08-05 10:02:36,5fc83053-630a-45e4-914c-0b81d5b7ff55,GS,SELL,450.3600,200,2,ENTERING,SELL_PRESSURE,1524,0
2024-08-05 10:02:39,c3263f26-ddec-41a7-8944-80d8393fa4a5,GS,SELL,450.2500,200,2,ENTERING,SELL_PRESSURE,1527,0
2024-08-05 10:02:51,ffdbe710-613b-42ea-b476-86becc80ca18,GS,BUY,449.6000,200,2,EXITING,SELL_PRESSURE,1539,-200
2024-08-05 10:02:54,1da3f473-8b83-4018-9d5a-5419511d5544,GS,BUY,449.6200,200,2,EXITING,SELL_PRESSURE,1542,-200
2024-08-05 10:02:58,cb381352-4cf8-4da1-9b0b-aea6ffeb6e4f,GS,BUY,449.6200,200,2,EXITING,NEUTRAL,1545,-200
2024-08-05 10:03:01,e4d71199-7249-4dfe-a341-878e0d92771e,GS,BUY,449.6200,200,2,EXITING,NEUTRAL,1548,-200
2024-08-05 10:03:04,5a6588f8-c4d7-4d6b-862c-b56e3926c833,GS,BUY,449.6300,200,2,EXITING,NEUTRAL,1551,-200
2024-08-05 10:03:07,dae057d4-2ca1-4b6b-8c86-7af9d7598aad,GS,BUY,449.5600,200,2,EXITING,NEUTRAL,1554,-200
2024-08-05 10:03:10,939a2d01-30b9-4318-a856-5deceb9d1a61,GS,BUY,449.5700,200,2,EXITING,NEUTRAL,1557,-200
2024-08-05 10:03:13,d685d90e-fdbc-46c7-a1f0-e7403327e30d,GS,BUY,449.5700,200,2,EXITING,NEUTRAL,1560,-200
2024-08-05 10:03:15,aff95ef4-8011-456b-a28b-0d40aa81a17b,GS,BUY,450.0500,200,2,EXITING,NEUTRAL,1563,-200
2024-08-05 10:03:19,199a96af-ee73-455c-b8f1-5742d23dd9b8,GS,BUY,450.1400,200,2,EXITING,BUY_PRESSURE,1566,-200
2024-08-05 10:03:20,b3e82b96-1719-4e93-90ae-f47e374233f7,GS,BUY,450.0900,200,2,FLAT,BUY_PRESSURE,1568,0
2024-08-05 10:03:24,1c9be9d8-0a1f-4cf9-bd83-e6bfe29574c9,GS,BUY,450.1400,200,2,ENTERING,BUY_PRESSURE,1571,0
2024-08-05 10:03:27,baf018dc-714e-406e-90c9-e73d38d32f23,GS,BUY,450.1500,200,2,ENTERING,BUY_PRESSURE,1574,0
2024-08-05 10:03:30,e0d1bbbb-8af8-4b85-9888-850b3fa5b310,GS,BUY,450.1500,200,2,ENTERING,BUY_PRESSURE,1577,0
2024-08-05 10:03:33,11faca7b-5119-429b-a043-023aa72d7a71,GS,BUY,450.1500,200,2,ENTERING,NEUTRAL,1580,0
2024-08-05 10:03:35,690d0bd6-6d62-497d-89c3-e5558acffd66,GS,BUY,450.5900,200,2,ENTERING,BUY_PRESSURE,1583,0
2024-08-05 10:03:47,a46e7ebd-f700-4ff8-bb54-11adf55c3ad1,GS,SELL,450.6000,200,2,EXITING,SELL_PRESSURE,1595,200
2024-08-05 10:03:51,c8ed5963-e33a-4a57-8b64-b9681579ae89,GS,SELL,450.5000,200,2,EXITING,NEUTRAL,1598,200
2024-08-05 10:03:54,316a0ce0-606d-4883-a8aa-916583140ca3,GS,SELL,450.5000,200,2,EXITING,SELL_PRESSURE,1601,200
2024-08-05 10:03:57,9a70ff6c-0a5b-418e-8e39-d0b2bfce4bfe,GS,SELL,450.5000,200,2,EXITING,NEUTRAL,1604,200
2024-08-05 10:04:00,e6c2faf3-7997-41f3-ae2d-6f745f603a01,GS,SELL,450.3200,200,2,EXITING,BUY_PRESSURE,1607,200
2024-08-05 10:04:03,91743a65-4f06-4de8-9e5d-8fda0336f349,GS,SELL,450.5800,100,1,EXITING,BUY_PRESSURE,1610,100
2024-08-05 10:04:06,053c1281-ff5f-49cd-a7e3-881ec8eedeef,GS,SELL,450.5600,100,1,EXITING,NEUTRAL,1613,100
2024-08-05 10:04:09,aed4d544-0130-49ae-981b-237a8b95f610,GS,SELL,450.6700,100,1,EXITING,NEUTRAL,1616,100
2024-08-05 10:04:12,9966e549-3b7d-4d63-b17c-ef4031c01b6c,GS,SELL,450.8100,100,1,EXITING,BUY_PRESSURE,1619,100
2024-08-05 10:04:16,7e4e53af-8087-4a93-918a-682ba73c55e0,GS,BUY,450.4700,200,2,FLAT,BUY_PRESSURE,1623,0
2024-08-05 10:04:19,91b01253-29f7-40e5-994c-87fcb388df40,GS,BUY,450.4700,200,2,ENTERING,NEUTRAL,1626,0
2024-08-05 10:04:31,b5e34670-082f-4c87-a727-997079414d61,GS,SELL,450.1700,200,2,EXITING,NEUTRAL,1638,200
2024-08-05 10:04:34,550157d6-2d94-499c-85cc-1a968b220afd,GS,SELL,450.1700,200,2,EXITING,NEUTRAL,1641,200
2024-08-05 10:04:37,f6a5ecbf-9028-4743-8e72-a1656ff278c7,GS,SELL,450.3300,200,2,EXITING,NEUTRAL,1644,200
2024-08-05 10:04:40,2beba23b-2f4d-4bc3-b8f9-94accd5e2427,GS,SELL,450.3300,200,2,EXITING,NEUTRAL,1647,200
2024-08-05 10:04:44,fc03e962-72c7-4bf1-be1c-49ec0e142731,GS,BUY,450.1900,200,2,FLAT,BUY_PRESSURE,1651,0
2024-08-05 10:04:47,ecee661a-efb0-47d9-bbb9-18d374d078d2,GS,BUY,450.1900,200,2,ENTERING,BUY_PRESSURE,1654,0
2024-08-05 10:04:50,d3046e2d-09c9-400a-bb1f-3f77024d5020,GS,BUY,450.1900,200,2,ENTERING,NEUTRAL,1657,0
2024-08-05 10:04:53,83b01c9c-3ffb-429b-adfa-ba2516f8a0e1,GS,BUY,450.1900,200,2,ENTERING,NEUTRAL,1660,0
2024-08-05 10:05:04,dc1ce1a8-8fb3-4e87-870a-ffd57abfbedc,GS,SELL,449.9900,200,2,EXITING,NEUTRAL,1671,200
2024-08-05 10:05:07,29a0d8f7-1d61-4dd5-8e98-aa5d0cc4a650,GS,SELL,449.7200,200,2,EXITING,NEUTRAL,1674,200
2024-08-05 10:05:24,4db2a1b6-9610-4a03-a2a5-1444eb83faa6,GS,BUY,449.9100,200,2,FLAT,BUY_PRESSURE,1691,0
2024-08-05 10:05:38,4cdc9f32-bf01-4723-889a-5eab02ac14f3,GS,SELL,450.6900,200,2,EXITING,NEUTRAL,1705,200
2024-08-05 10:05:41,84b8fe25-c773-4060-9036-62e199e1a550,GS,SELL,450.7000,200,2,EXITING,NEUTRAL,1708,200
2024-08-05 10:05:47,297ed7a9-f426-44bb-ae18-bac0581a8bd4,GS,BUY,450.2200,200,2,FLAT,BUY_PRESSURE,1715,0
2024-08-05 10:05:47,7bed500b-dd58-4e3f-aca3-6cfec3f834dd,GS,BUY,450.2200,200,2,ENTERING,BUY_PRESSURE,1718,0
2024-08-05 10:05:47,ce7f892d-7fa6-4ca8-8c9a-926d6901ff8e,GS,BUY,450.2200,200,2,ENTERING,NEUTRAL,1721,0
2024-08-05 10:05:47,7037319a-cd56-41e5-ba94-85bd6b1bb52a,GS,BUY,450.2200,200,2,ENTERING,NEUTRAL,1724,0
2024-08-05 10:05:47,0c7d1231-4515-48cf-8f4e-c3bdc3dd51cd,GS,BUY,450.2200,200,2,ENTERING,NEUTRAL,1727,0
