sim_time,order_id,symbol,side,executed_price,executed_size,order_size,status,exec_timestamp
2020-11-02 10:27:23,b9c5a15b-a5fd-4d20-87e2-26c2e31ac48e,NVDA,BUY,510.0900,1,100,Status.FILLED,2026-03-26 18:41:43.653563
2020-11-02 10:27:24,9a1a781f-3df9-4196-9c46-43c67a3f8c0d,NVDA,BUY,510.0900,1,100,Status.FILLED,2026-03-26 18:41:44.687628
2020-11-02 10:27:25,6f5e3de8-2153-469f-bd36-4b8502981f59,NVDA,BUY,510.1400,1,100,Status.FILLED,2026-03-26 18:41:45.696908
2020-11-02 10:27:26,341fd8b6-a7dc-4754-bbb7-12c57ec10cd8,NVDA,BUY,510.1400,1,100,Status.FILLED,2026-03-26 18:41:46.707366
2020-11-02 10:27:27,a5aa9a40-7952-4d44-bc63-5ffa31e1772f,NVDA,BUY,510.1300,1,100,Status.FILLED,2026-03-26 18:41:47.713779
2020-11-02 10:27:28,c29e81b1-dd96-40d1-bd1f-2049ab1284b4,NVDA,BUY,510.2500,1,100,Status.FILLED,2026-03-26 18:41:48.724386
2020-11-02 10:27:29,db9f544b-37dd-4280-98c9-f6ec9b6a5838,NVDA,BUY,510.2700,1,100,Status.FILLED,2026-03-26 18:41:49.730811
2020-11-02 10:27:30,434a2f73-0a26-4945-91ff-7354330c67c4,NVDA,BUY,510.3100,1,100,Status.FILLED,2026-03-26 18:41:50.738272
2020-11-02 10:27:31,09c66f0d-42c2-48f6-a6cc-e7bfc93e7ce7,NVDA,BUY,510.3800,1,100,Status.FILLED,2026-03-26 18:41:51.746005
2020-11-02 10:27:32,1111bea5-bd8c-4981-bec6-928bb23fe340,NVDA,BUY,510.3800,1,100,Status.FILLED,2026-03-26 18:41:52.759290
2020-11-02 10:27:33,1c31ac50-ca1e-4a4c-bbb3-1edd3bc37d21,NVDA,BUY,510.3800,1,100,Status.FILLED,2026-03-26 18:41:53.770638
2020-11-02 10:27:34,80e07c62-87ee-4601-93b4-d3f322ef20f1,NVDA,BUY,510.3800,1,100,Status.FILLED,2026-03-26 18:41:54.778928
2020-11-02 10:27:35,3ed7e2f0-596d-4b92-a557-a819f8959047,NVDA,SELL,510.2100,1,1200,Status.PARTIALLY_FILLED,2026-03-26 18:41:55.788761
2020-11-02 10:27:36,cab8c085-af72-4984-8be3-9d2bc7e444de,NVDA,BUY,510.5300,1,100,Status.FILLED,2026-03-26 18:41:56.793943
2020-11-02 10:27:37,4cbe4dae-7b6f-4711-8525-64af20316589,NVDA,BUY,510.5000,1,100,Status.FILLED,2026-03-26 18:41:57.805584
2020-11-02 10:27:41,dbc11e05-1fca-414b-8379-6d18a703289a,NVDA,SELL,0.0000,7,700,Status.CANCELED,2026-03-26 18:41:58.818748
2020-11-02 10:27:42,893d43d0-fa2c-4cd1-95d3-49da55935265,NVDA,SELL,510.2800,1,700,Status.PARTIALLY_FILLED,2026-03-26 18:42:01.830623
2020-11-02 10:27:43,cb5a4dc8-a110-4320-b38f-2589b2a5790e,NVDA,SELL,510.2200,1,500,Status.FILLED,2026-03-26 18:42:03.851998
2020-11-02 10:27:43,cb5a4dc8-a110-4320-b38f-2589b2a5790e,NVDA,SELL,510.2200,1,500,Status.PARTIALLY_FILLED,2026-03-26 18:42:03.851998
2020-11-02 10:27:45,114856df-0b0a-4d6b-8184-ab89222dcab4,NVDA,SELL,510.3800,2,200,Status.FILLED,2026-03-26 18:42:04.858405
2020-11-02 10:27:47,832aabd5-e0f0-4a4d-b7d2-d4e81c0037f3,NVDA,SELL,510.4100,2,700,Status.FILLED,2026-03-26 18:42:06.876484
2020-11-02 10:27:47,832aabd5-e0f0-4a4d-b7d2-d4e81c0037f3,NVDA,SELL,510.4100,1,700,Status.PARTIALLY_FILLED,2026-03-26 18:42:06.876484
2020-11-02 10:27:48,50f43141-fa16-424b-ae01-880f2fbb4d29,NVDA,BUY,510.8400,1,100,Status.FILLED,2026-03-26 18:42:08.896217
2020-11-02 10:27:49,38280007-a4b9-473c-a0f7-fffd6692e666,NVDA,BUY,510.8500,1,100,Status.FILLED,2026-03-26 18:42:09.906445
2020-11-02 10:27:50,e1d0b4cf-2d77-47b4-83e2-50d800b8cf2b,NVDA,BUY,510.8400,1,100,Status.FILLED,2026-03-26 18:42:10.914830
2020-11-02 10:27:51,f21dc28a-0505-4a2e-97d6-97abfeecf1d8,NVDA,BUY,510.8400,1,100,Status.FILLED,2026-03-26 18:42:11.924172
2020-11-02 10:27:52,c792477f-4dd5-4b43-9f2c-adf23861875c,NVDA,BUY,510.8400,1,100,Status.FILLED,2026-03-26 18:42:12.931699
2020-11-02 10:27:53,a3721ef3-efd7-4415-b460-e5f4725b694b,NVDA,BUY,510.9500,1,100,Status.FILLED,2026-03-26 18:42:13.938990
2020-11-02 10:27:54,cade990b-f7d5-4fb3-bc12-ff0bdcb0cdc6,NVDA,SELL,510.8700,1,800,Status.PARTIALLY_FILLED,2026-03-26 18:42:14.950055
2020-11-02 10:28:01,d5e9d310-f152-4622-ba82-15d8ddef9da9,NVDA,BUY,511.3500,1,100,Status.FILLED,2026-03-26 18:42:22.028105
2020-11-02 10:28:36,9eb8142c-99a4-44e9-95d2-fbe73e2ecb01,NVDA,BUY,511.8700,1,100,Status.FILLED,2026-03-26 18:42:57.286114
2020-11-02 10:28:37,4684f707-12c7-4cc5-93fa-226cd807c19b,NVDA,BUY,511.8700,1,100,Status.FILLED,2026-03-26 18:42:58.296533
2020-11-02 10:28:38,1c73a436-9f95-4a52-ac9c-bde9d9a4e84a,NVDA,BUY,511.8700,1,100,Status.FILLED,2026-03-26 18:42:59.303510
2020-11-02 10:28:39,3419a0a1-29ee-4b09-b24a-0b13b41a91a6,NVDA,BUY,511.8700,1,100,Status.FILLED,2026-03-26 18:43:00.333304
2020-11-02 10:28:40,fe8eb0df-d545-40be-ad9f-46349e1a4fed,NVDA,BUY,511.8700,1,100,Status.FILLED,2026-03-26 18:43:01.337642
2020-11-02 10:28:41,4d4ada36-fe9c-4237-81ea-ddfe18b4c3da,NVDA,BUY,511.8600,1,100,Status.FILLED,2026-03-26 18:43:02.344107
2020-11-02 10:28:46,5011add6-266c-4271-89b2-be75c55d0ebb,NVDA,SELL,0.0000,9,900,Status.CANCELED,2026-03-26 18:43:03.363749
2020-11-02 10:28:48,2c2b97eb-7d32-4668-9abf-1bbf28c1d526,NVDA,SELL,0.0000,9,900,Status.CANCELED,2026-03-26 18:43:06.382120
2020-11-02 10:28:51,cf3f8fdd-ed16-45e0-ae09-743cd81c5fad,NVDA,SELL,0.0000,9,900,Status.CANCELED,2026-03-26 18:43:09.404861
2020-11-02 10:28:52,d7406bc1-eb81-4215-ae5f-bd06be24dfdb,NVDA,SELL,511.0100,1,100,Status.FILLED,2026-03-26 18:43:12.424183
2020-11-02 10:29:34,4fc58441-ff2e-4683-b095-accb013363f2,NVDA,BUY,511.4400,1,100,Status.FILLED,2026-03-26 18:43:54.717250
2020-11-02 10:29:35,4bac3005-175a-497c-b858-1b5bc6ae170c,NVDA,BUY,511.3600,1,100,Status.FILLED,2026-03-26 18:43:55.756600
2020-11-02 10:29:36,3e5a4dd8-cc02-4c4d-8ae4-f443ef21a78c,NVDA,BUY,511.4400,1,100,Status.FILLED,2026-03-26 18:43:56.764472
2020-11-02 10:29:37,9b3777e9-7563-4b1a-8bdd-58190beaf520,NVDA,BUY,511.5000,1,100,Status.FILLED,2026-03-26 18:43:57.778119
2020-11-02 10:29:38,8843cf63-06cd-4a5d-81bf-98d625c6ac52,NVDA,BUY,511.4400,1,100,Status.FILLED,2026-03-26 18:43:58.785163
2020-11-02 10:29:39,6d69b257-d8e6-477a-960b-3a255ad996fb,NVDA,BUY,511.4400,1,100,Status.FILLED,2026-03-26 18:43:59.793198
2020-11-02 10:29:40,c2cc7cc9-e299-4cfa-86fe-a6c332b2750f,NVDA,BUY,511.5000,1,100,Status.FILLED,2026-03-26 18:44:00.810309
2020-11-02 10:29:41,7a043bd8-56e9-46ba-b12e-4f1397ec58f5,NVDA,BUY,511.4100,1,100,Status.FILLED,2026-03-26 18:44:01.817346
2020-11-02 10:29:45,484a7b53-0286-4475-97b0-e6733c2abc07,NVDA,SELL,0.0000,2,200,Status.CANCELED,2026-03-26 18:44:02.835117
2020-11-02 10:29:46,7efe9574-3413-4fee-91df-95253843d057,NVDA,SELL,511.2500,1,200,Status.FILLED,2026-03-26 18:44:05.860858
2020-11-02 10:29:46,7efe9574-3413-4fee-91df-95253843d057,NVDA,SELL,511.2500,1,200,Status.PARTIALLY_FILLED,2026-03-26 18:44:05.860858
2020-11-02 10:29:47,dd866b79-3eeb-416e-8594-13048a24fb32,NVDA,BUY,511.6500,1,100,Status.FILLED,2026-03-26 18:44:07.878117
2020-11-02 10:29:48,12feb311-7de1-4fb9-9099-5d675c810c8d,NVDA,BUY,511.6500,1,100,Status.FILLED,2026-03-26 18:44:08.887812
2020-11-02 10:29:49,d187c410-93ea-4f7b-9ac4-a9f3a85fc1bf,NVDA,BUY,511.6400,1,100,Status.FILLED,2026-03-26 18:44:09.895798
2020-11-02 10:29:50,e95e8ca1-2251-4a0a-9107-77b476e454c7,NVDA,BUY,511.6500,1,100,Status.FILLED,2026-03-26 18:44:10.904066
2020-11-02 10:30:02,3ea999f8-3964-4e49-aff3-ed930c3e55a0,NVDA,SELL,511.2600,1,100,Status.FILLED,2026-03-26 18:44:23.054782
2020-11-02 10:30:03,32060500-5cd2-4c81-a466-42114d523e85,NVDA,SELL,511.1400,1,100,Status.FILLED,2026-03-26 18:44:24.076657
2020-11-02 10:30:04,eeb22f80-bb08-47b8-aa46-0921ceeeebfc,NVDA,SELL,511.0500,1,100,Status.FILLED,2026-03-26 18:44:25.088851
2020-11-02 10:30:05,11bed8b4-a755-4ec6-a7a6-85b542edadf2,NVDA,SELL,511.0000,1,100,Status.FILLED,2026-03-26 18:44:26.105170
2020-11-02 10:30:06,735e3f41-6324-4192-8cd8-1a824b3abaea,NVDA,SELL,511.0500,1,100,Status.FILLED,2026-03-26 18:44:27.113468
2020-11-02 09:31:20,8a9f87ef-715d-47cf-bff2-8b21ebbf4935,NVDA,BUY,502.9000,1,100,Status.FILLED,2026-03-26 18:46:33.618904
2020-11-02 09:31:21,1bcb83f9-a9b2-4434-82fe-927d8d75e44d,NVDA,BUY,502.9000,1,100,Status.FILLED,2026-03-26 18:46:34.646526
2020-11-02 09:31:22,046727f6-df9c-4441-a824-aabcdbfb32db,NVDA,SELL,502.5100,1,300,Status.FILLED,2026-03-26 18:46:35.654620
2020-11-02 09:31:22,046727f6-df9c-4441-a824-aabcdbfb32db,NVDA,SELL,502.5500,1,300,Status.PARTIALLY_FILLED,2026-03-26 18:46:35.654620
2020-11-02 09:31:23,8b9cc997-4dd7-4971-a1aa-88dc432f5bbb,NVDA,BUY,502.9000,2,200,Status.FILLED,2026-03-26 18:46:36.660229
2020-11-02 09:31:24,35b2a385-fd64-47dd-a172-e7d8f23ded9b,NVDA,BUY,502.9000,1,100,Status.FILLED,2026-03-26 18:46:37.666105
2020-11-02 09:31:25,b0c251d4-9bcd-4b86-a061-7041f30a7426,NVDA,BUY,502.9000,1,100,Status.FILLED,2026-03-26 18:46:38.676463
2020-11-02 09:31:26,4d9be5f7-567c-41e2-b867-6f5502c498f2,NVDA,BUY,502.9000,1,100,Status.FILLED,2026-03-26 18:46:39.688181
2020-11-02 09:31:27,a8c77c1f-d226-4592-a906-2bdc6de89e0f,NVDA,BUY,502.9000,1,100,Status.FILLED,2026-03-26 18:46:40.699853
2020-11-02 09:31:28,11e9e97e-fdf9-4740-bac7-f0ba5bcfd85f,NVDA,BUY,502.9000,1,100,Status.FILLED,2026-03-26 18:46:41.711577
2020-11-02 09:31:31,353d2405-da66-4523-ac52-b8b2f6a77d98,NVDA,SELL,0.0000,6,600,Status.CANCELED,2026-03-26 18:46:42.721048
2020-11-02 09:31:31,958b1434-a979-4145-8fad-b25091c9e613,NVDA,SELL,502.2300,2,700,Status.FILLED,2026-03-26 18:46:44.731597
2020-11-02 09:31:31,958b1434-a979-4145-8fad-b25091c9e613,NVDA,SELL,502.2400,1,700,Status.PARTIALLY_FILLED,2026-03-26 18:46:44.731597
2020-11-02 09:31:31,958b1434-a979-4145-8fad-b25091c9e613,NVDA,SELL,502.3000,1,700,Status.PARTIALLY_FILLED,2026-03-26 18:46:44.731597
2020-11-02 09:31:31,958b1434-a979-4145-8fad-b25091c9e613,NVDA,SELL,502.3900,2,700,Status.PARTIALLY_FILLED,2026-03-26 18:46:44.731597
2020-11-02 09:31:31,958b1434-a979-4145-8fad-b25091c9e613,NVDA,SELL,502.3900,1,700,Status.PARTIALLY_FILLED,2026-03-26 18:46:44.731597
2020-11-02 09:31:32,4dca03c9-1c30-4aa9-9052-4fe03f0e1a5f,NVDA,SELL,502.3900,1,100,Status.FILLED,2026-03-26 18:46:45.755944
2020-11-02 09:31:33,4966d1cf-94f3-4931-89a5-011d5f7476f6,NVDA,SELL,502.3900,1,100,Status.FILLED,2026-03-26 18:46:46.761551
2020-11-02 09:31:34,5a83ad7b-f4a6-492e-9d9d-d3a8bcf64d34,NVDA,SELL,502.0600,1,100,Status.FILLED,2026-03-26 18:46:47.766618
2020-11-02 09:31:35,7b20fc0d-1bc0-4d05-8be5-2c9b20b94489,NVDA,SELL,501.7600,1,100,Status.FILLED,2026-03-26 18:46:48.770893
2020-11-02 09:31:36,67bd1f5e-dd24-4cac-9f87-8799a56bccca,NVDA,SELL,501.7000,1,100,Status.FILLED,2026-03-26 18:46:49.776425
2020-11-02 09:31:37,681dd00e-9815-4893-ba35-735901076c48,NVDA,SELL,501.4900,1,100,Status.FILLED,2026-03-26 18:46:50.783439
2020-11-02 09:31:38,9ae9be82-c056-4731-9402-87e93b5c14fc,NVDA,SELL,501.4900,1,100,Status.FILLED,2026-03-26 18:46:51.788192
2020-11-02 09:31:39,60f98bc5-273d-4aaf-9d12-c842cd89ba90,NVDA,BUY,501.7400,7,800,Status.FILLED,2026-03-26 18:46:52.791997
2020-11-02 09:31:39,60f98bc5-273d-4aaf-9d12-c842cd89ba90,NVDA,BUY,501.7400,1,800,Status.PARTIALLY_FILLED,2026-03-26 18:46:52.791997
2020-11-02 09:32:11,5f1c7cac-29b7-42c0-b1e7-4955fb3e6b4d,NVDA,BUY,501.3600,1,100,Status.FILLED,2026-03-26 18:47:24.986426
2020-11-02 09:32:12,28760f85-adb7-44da-8bd2-6c8b03582a41,NVDA,BUY,501.7300,1,100,Status.FILLED,2026-03-26 18:47:25.997564
2020-11-02 09:32:13,7779e1cd-8b91-455f-b587-e77eb1fd1b8d,NVDA,BUY,501.5000,1,100,Status.FILLED,2026-03-26 18:47:27.004504
2020-11-02 09:32:14,959f4f37-bdaf-4683-8444-b57830f4331c,NVDA,BUY,501.5000,1,100,Status.FILLED,2026-03-26 18:47:28.009767
2020-11-02 09:32:15,416100d3-3d1a-43fe-9345-9a34e2b6f9c5,NVDA,BUY,501.2000,1,100,Status.FILLED,2026-03-26 18:47:29.018517
2020-11-02 09:32:16,bc2d80e7-1d6c-4de8-9215-cbc07dd173c5,NVDA,BUY,501.5000,1,100,Status.FILLED,2026-03-26 18:47:30.028861
2020-11-02 09:32:17,96381011-2b2c-409c-a879-78936528d22d,NVDA,BUY,501.8000,1,100,Status.FILLED,2026-03-26 18:47:31.035063
2020-11-02 09:32:19,612dad25-1502-436d-b203-d754ee1d6976,NVDA,SELL,501.5000,1,700,Status.PARTIALLY_FILLED,2026-03-26 18:47:32.042524
2020-11-02 09:32:22,baf380a9-ac06-415b-a3a4-becdfeec4dc1,NVDA,SELL,501.5700,5,500,Status.FILLED,2026-03-26 18:47:35.069620
2020-11-02 09:32:31,e568e783-b3fe-4c60-bc94-72feb1f22ce6,NVDA,SELL,501.0400,1,100,Status.FILLED,2026-03-26 18:47:45.155545
2020-11-02 09:32:32,2ac2be03-d1da-442a-b131-b683088fd703,NVDA,SELL,501.0400,1,100,Status.FILLED,2026-03-26 18:47:46.172456
2020-11-02 09:32:33,542af4f1-4aed-4150-b469-7b504d88af94,NVDA,BUY,501.2800,2,200,Status.FILLED,2026-03-26 18:47:47.178578
2020-11-02 09:32:45,e652ff0f-89b1-462a-87fc-8af79a7c035e,NVDA,BUY,502.3100,1,100,Status.FILLED,2026-03-26 18:47:58.249941
2020-11-02 09:32:46,2bd91760-dc97-47e1-8133-26132f734808,NVDA,BUY,502.3100,1,100,Status.FILLED,2026-03-26 18:47:59.263404
2020-11-02 09:32:47,c8f05cb9-9d7e-48af-adb9-b1091da24716,NVDA,BUY,502.3100,1,100,Status.FILLED,2026-03-26 18:48:00.272294
2020-11-02 09:32:48,00a1a008-0716-49f5-a378-5f2432a87f8e,NVDA,BUY,502.3100,1,100,Status.FILLED,2026-03-26 18:48:01.280267
2020-11-02 09:32:49,f9774ecf-7470-46cd-a555-6285998537c3,NVDA,BUY,502.3600,1,100,Status.FILLED,2026-03-26 18:48:02.288544
2020-11-02 09:32:50,0a622e31-1fc3-4d59-89fb-af3de7747c38,NVDA,BUY,502.3600,1,100,Status.FILLED,2026-03-26 18:48:03.294837
2020-11-02 09:32:51,a20ffbcc-9af3-4703-9c49-76c2e4103498,NVDA,BUY,502.3600,1,100,Status.FILLED,2026-03-26 18:48:04.300704
2020-11-02 09:32:52,fa461014-4448-4454-bf74-5605a18aabe6,NVDA,BUY,502.3700,1,100,Status.FILLED,2026-03-26 18:48:05.314875
2020-11-02 09:32:53,bfdfb8e5-2867-46d7-ad44-0c6da4f5980a,NVDA,BUY,502.3700,1,100,Status.FILLED,2026-03-26 18:48:06.320551
2020-11-02 09:32:54,67b74be8-e4fc-444d-b2cd-6971a8904466,NVDA,SELL,502.1000,1,900,Status.PARTIALLY_FILLED,2026-03-26 18:48:07.350692
2020-11-02 09:33:01,f2fe6960-d83c-4451-b33a-704653170197,NVDA,SELL,501.7100,1,100,Status.FILLED,2026-03-26 18:48:14.384926
2020-11-02 09:33:02,4637c518-4a0c-40a3-886a-9d1080489002,NVDA,SELL,501.5900,1,100,Status.FILLED,2026-03-26 18:48:15.394410
2020-11-02 09:33:03,5edfd0ab-0905-4ec0-82b0-66ae0ca6b46c,NVDA,SELL,501.5900,1,100,Status.FILLED,2026-03-26 18:48:16.430557
2020-11-02 09:33:04,a5368a17-ef74-46dc-9e75-670a0ae62312,NVDA,SELL,501.5900,1,100,Status.FILLED,2026-03-26 18:48:17.439381
2020-11-02 09:33:05,6fb66381-0e5c-41e6-9d33-298e6fba345d,NVDA,SELL,501.7300,1,100,Status.FILLED,2026-03-26 18:48:18.444785
2020-11-02 09:33:06,5e068b1c-46f0-4cdd-947b-a1c534e77f11,NVDA,BUY,502.2200,1,500,Status.FILLED,2026-03-26 18:48:19.461626
2020-11-02 09:33:06,5e068b1c-46f0-4cdd-947b-a1c534e77f11,NVDA,BUY,502.2200,1,500,Status.PARTIALLY_FILLED,2026-03-26 18:48:19.461626
2020-11-02 09:33:48,15ea3234-0ae7-447c-af46-87bbeac91709,NVDA,BUY,500.9700,1,100,Status.FILLED,2026-03-26 18:49:01.734045
2020-11-02 09:33:49,dd90e4dc-fc81-4d98-8f35-fd52cf760206,NVDA,BUY,500.9600,1,100,Status.FILLED,2026-03-26 18:49:02.751120
2020-11-02 09:33:52,01c282a6-d4e4-4822-80f3-dfcf7a90b69d,NVDA,SELL,0.0000,2,200,Status.CANCELED,2026-03-26 18:49:03.754516
2020-11-02 09:33:52,0be82db3-c4bc-4df1-91d7-e7b8dea57e32,NVDA,SELL,500.1000,2,300,Status.FILLED,2026-03-26 18:49:05.773062
2020-11-02 09:33:52,0be82db3-c4bc-4df1-91d7-e7b8dea57e32,NVDA,SELL,500.2300,1,300,Status.PARTIALLY_FILLED,2026-03-26 18:49:05.773062
2020-11-02 09:33:53,6b16fa90-6aa7-4b56-8b2c-733ae56a5b3f,NVDA,BUY,500.9600,1,200,Status.FILLED,2026-03-26 18:49:06.789796
2020-11-02 09:33:53,6b16fa90-6aa7-4b56-8b2c-733ae56a5b3f,NVDA,BUY,500.7200,1,200,Status.PARTIALLY_FILLED,2026-03-26 18:49:06.789796
2020-11-02 09:33:54,8b1f8737-cbf0-4b71-b9ee-01f2693f4ff5,NVDA,SELL,500.5500,2,200,Status.FILLED,2026-03-26 18:49:07.800865
2020-11-02 09:33:55,4d62f974-af9c-43f4-b9ac-2d146e3e7d9c,NVDA,SELL,500.6200,1,100,Status.FILLED,2026-03-26 18:49:08.816025
2020-11-02 09:33:56,0e33b2a6-ad87-4230-8771-507a49f298d7,NVDA,SELL,500.2300,1,100,Status.FILLED,2026-03-26 18:49:09.821288
2020-11-02 09:33:57,d3a36865-037e-428e-8f83-d6b2dde456ba,NVDA,SELL,500.1000,1,100,Status.FILLED,2026-03-26 18:49:10.827179
2020-11-02 09:33:58,ef4ff44b-eefe-490f-9aab-f7401f918c20,NVDA,SELL,500.0100,1,100,Status.FILLED,2026-03-26 18:49:11.835621
2020-11-02 09:33:59,da5235c0-8f3d-4055-96a3-87feebe9c675,NVDA,SELL,500.2100,1,100,Status.FILLED,2026-03-26 18:49:12.846618
2020-11-02 09:34:00,512134ce-49db-428e-9296-057eb95744b9,NVDA,BUY,500.4800,2,600,Status.PARTIALLY_FILLED,2026-03-26 18:49:13.854111
2020-11-02 09:34:03,0e7a439e-ed03-4a66-b4d6-b05a0c03114a,NVDA,BUY,500.5300,1,400,Status.PARTIALLY_FILLED,2026-03-26 18:49:16.869189
2020-11-02 09:34:06,4b097c23-1e3b-4ab0-b4ef-1b0fe7836e9d,NVDA,BUY,501.2500,4,400,Status.FILLED,2026-03-26 18:49:19.891987
2020-11-02 09:34:07,5fcf3dae-2120-4ac8-92d1-de5fcf7611ae,NVDA,BUY,501.2500,1,100,Status.FILLED,2026-03-26 18:49:20.902682
2020-11-02 09:34:08,f16b9ccf-27a0-4b93-bd73-b563fd2e6876,NVDA,BUY,501.2500,1,100,Status.FILLED,2026-03-26 18:49:21.910703
2020-11-02 09:34:09,55871b15-d154-4872-877a-974d8ca59742,NVDA,BUY,501.2500,1,100,Status.FILLED,2026-03-26 18:49:22.925491
2020-11-02 09:34:10,c32508ac-e1ea-4163-875b-ff1f65bf4fb2,NVDA,BUY,501.1200,1,100,Status.FILLED,2026-03-26 18:49:23.934614
2020-11-02 09:34:11,905b7c28-2901-47bd-9627-4852ad4eb183,NVDA,BUY,501.6200,1,100,Status.FILLED,2026-03-26 18:49:24.942985
2020-11-02 09:34:13,4856de01-59c6-4ad8-8c2c-9f00517368f4,NVDA,SELL,501.3900,1,600,Status.PARTIALLY_FILLED,2026-03-26 18:49:25.952745
2020-11-02 09:34:15,c934eaed-bd44-4ce0-96b5-8a3a980ef908,NVDA,SELL,501.4100,2,500,Status.PARTIALLY_FILLED,2026-03-26 18:49:28.975422
2020-11-02 09:34:18,05580a89-aa5e-48b1-9678-7a7606864597,NVDA,SELL,501.3700,1,300,Status.FILLED,2026-03-26 18:49:31.991280
2020-11-02 09:34:18,05580a89-aa5e-48b1-9678-7a7606864597,NVDA,SELL,501.3700,1,300,Status.PARTIALLY_FILLED,2026-03-26 18:49:31.991280
2020-11-02 09:34:31,4c849018-ed4a-468b-b14f-d1eb1680ec23,NVDA,SELL,500.5500,1,100,Status.FILLED,2026-03-26 18:49:45.091580
2020-11-02 09:34:32,82cc5194-e189-46ea-a993-91ea43d069c2,NVDA,SELL,500.5500,1,100,Status.FILLED,2026-03-26 18:49:46.126744
2020-11-02 09:34:33,ed04b6ee-d576-4d2e-9a50-b36312e41eb1,NVDA,SELL,500.9800,1,100,Status.FILLED,2026-03-26 18:49:47.135078
2020-11-02 09:34:34,317215f5-7000-446b-9fa1-34fc250f62e7,NVDA,BUY,501.2000,1,300,Status.PARTIALLY_FILLED,2026-03-26 18:49:48.139994
2020-11-02 09:34:37,3a568c0b-16c6-4330-9753-80681bfcc9c8,NVDA,SELL,501.2100,1,100,Status.FILLED,2026-03-26 18:49:51.152568
2020-11-02 09:34:41,0661a327-7bc5-4a5c-bb1b-77ed34a660f1,NVDA,BUY,0.0000,3,300,Status.CANCELED,2026-03-26 18:49:52.161113
2020-11-02 09:34:41,caffa037-faf3-4e29-8df7-511dcc1e5bdc,NVDA,BUY,501.9400,1,400,Status.FILLED,2026-03-26 18:49:55.176328
2020-11-02 09:34:41,caffa037-faf3-4e29-8df7-511dcc1e5bdc,NVDA,BUY,501.7000,1,400,Status.PARTIALLY_FILLED,2026-03-26 18:49:55.176328
2020-11-02 09:34:41,caffa037-faf3-4e29-8df7-511dcc1e5bdc,NVDA,BUY,501.6900,1,400,Status.PARTIALLY_FILLED,2026-03-26 18:49:55.176328
2020-11-02 09:34:43,c67162d4-2e7a-464c-a49a-b9b7112f9b40,NVDA,BUY,501.9400,1,100,Status.FILLED,2026-03-26 18:49:56.214915
2020-11-02 09:34:44,60f13a14-1053-4a37-a3cc-0972a8a39ada,NVDA,BUY,501.8600,1,100,Status.FILLED,2026-03-26 18:49:57.222205
2020-11-02 09:34:44,b67589b3-6c70-4bba-9adc-72f40c2c6814,NVDA,BUY,501.9400,1,100,Status.FILLED,2026-03-26 18:49:58.230683
2020-11-02 09:34:45,2cd2b37c-486b-44d8-ad52-436deb9f9048,NVDA,BUY,501.9400,1,100,Status.FILLED,2026-03-26 18:49:59.238562
2020-11-02 09:34:47,488dab9e-48f0-4214-a025-ccd71a1eddaf,NVDA,BUY,501.9400,1,100,Status.FILLED,2026-03-26 18:50:00.245255
2020-11-02 09:34:48,cd48c149-8424-49ab-a1dd-dde41911b581,NVDA,BUY,501.5700,1,100,Status.FILLED,2026-03-26 18:50:01.257816
2020-11-02 09:34:51,3ad4ea1d-c84e-4dda-9155-d77ebf061401,NVDA,SELL,0.0000,5,700,Status.FILLED,2026-03-26 18:50:02.265628
2020-11-02 09:34:51,3ad4ea1d-c84e-4dda-9155-d77ebf061401,NVDA,SELL,501.7500,2,700,Status.PARTIALLY_FILLED,2026-03-26 18:50:02.265628
2020-11-02 09:34:55,c024a7ee-b852-4d5d-b69c-6b83bda9406b,NVDA,SELL,0.0000,5,500,Status.CANCELED,2026-03-26 18:50:05.272256
2020-11-02 09:34:58,fbbbdde2-e549-446b-bb94-3cbddc54bfe2,NVDA,SELL,0.0000,5,500,Status.CANCELED,2026-03-26 18:50:08.289844
2020-11-02 09:35:00,2a0bdf81-8849-4d96-a419-71d1ec11977c,NVDA,SELL,0.0000,5,500,Status.CANCELED,2026-03-26 18:50:11.312935
2020-11-02 09:35:02,468c6142-a0f3-49e1-90de-81d4cc08dd97,NVDA,SELL,500.9300,1,500,Status.FILLED,2026-03-26 18:50:14.333809
2020-11-02 09:35:02,468c6142-a0f3-49e1-90de-81d4cc08dd97,NVDA,SELL,500.9300,1,500,Status.PARTIALLY_FILLED,2026-03-26 18:50:14.333809
2020-11-02 09:35:02,468c6142-a0f3-49e1-90de-81d4cc08dd97,NVDA,SELL,500.9300,2,500,Status.PARTIALLY_FILLED,2026-03-26 18:50:14.333809
2020-11-02 09:35:02,86965ee2-2d4c-4155-b968-2227cbc21db6,NVDA,SELL,501.1600,1,600,Status.PARTIALLY_FILLED,2026-03-26 18:50:16.368786
2020-11-02 09:35:03,760b5ede-280e-4584-bb91-875b50edec4a,NVDA,SELL,501.1800,1,100,Status.FILLED,2026-03-26 18:50:17.380764
2020-11-02 09:35:04,62236201-a43f-4c43-b89a-1205997c29ee,NVDA,SELL,501.1900,1,100,Status.FILLED,2026-03-26 18:50:18.389099
2020-11-02 09:35:09,5b4e1e86-1934-49a7-b07e-fcab9bd19df9,NVDA,SELL,501.0000,1,100,Status.FILLED,2026-03-26 18:50:19.397883
2020-11-02 09:35:09,5ecece98-1662-4ecc-9be0-babdd8ac828d,NVDA,BUY,0.0000,7,700,Status.CANCELED,2026-03-26 18:50:20.406698
2020-11-02 09:35:11,3a0d60d8-da0c-4695-bdce-f2cb10056da3,NVDA,SELL,501.3300,1,100,Status.FILLED,2026-03-26 18:50:24.425014
2020-11-02 09:35:11,b8be04f9-baa8-4d7f-9a44-b686ec5b254d,NVDA,BUY,501.4200,3,900,Status.PARTIALLY_FILLED,2026-03-26 18:50:25.437694
2020-11-02 09:35:14,dd0d6005-537b-4f5e-a42d-e82c3db398e0,NVDA,BUY,501.5000,3,700,Status.PARTIALLY_FILLED,2026-03-26 18:50:28.453833
2020-11-02 09:35:17,704c551f-a5d2-4944-a5ee-ecdf4a64e8c0,NVDA,BUY,502.1000,1,500,Status.FILLED,2026-03-26 18:50:30.467862
2020-11-02 09:35:17,704c551f-a5d2-4944-a5ee-ecdf4a64e8c0,NVDA,BUY,502.0300,2,500,Status.PARTIALLY_FILLED,2026-03-26 18:50:30.467862
2020-11-02 09:35:17,704c551f-a5d2-4944-a5ee-ecdf4a64e8c0,NVDA,BUY,502.0000,2,500,Status.PARTIALLY_FILLED,2026-03-26 18:50:30.467862
2020-11-02 09:35:18,9c2471c6-68ff-4a8d-89a3-bf10262cc486,NVDA,BUY,502.0000,1,100,Status.FILLED,2026-03-26 18:50:31.485056
2020-11-02 09:35:19,ceb812cc-6194-4dcc-9065-b61b31cb3c2f,NVDA,BUY,501.9900,1,100,Status.FILLED,2026-03-26 18:50:32.490443
2020-11-02 09:35:20,c7df0220-844b-4632-b2ec-61b7863b61c1,NVDA,BUY,501.9900,1,100,Status.FILLED,2026-03-26 18:50:33.499194
2020-11-02 09:35:21,bece1713-696a-41ae-b530-0714eea6973e,NVDA,BUY,502.2000,1,100,Status.FILLED,2026-03-26 18:50:34.503137
2020-11-02 09:35:21,b5d9839a-6e26-4761-b24f-bfb57dfc5b37,NVDA,BUY,502.2300,1,100,Status.FILLED,2026-03-26 18:50:35.508447
2020-11-02 09:35:23,cf1a9424-4b7d-44f6-b18d-8ef3644bb283,NVDA,BUY,502.4600,1,100,Status.FILLED,2026-03-26 18:50:36.511980
2020-11-02 09:35:24,daf17abf-ef1b-4268-a9cd-92c0dca18a43,NVDA,BUY,502.3600,1,100,Status.FILLED,2026-03-26 18:50:37.526256
2020-11-02 09:35:25,ac2c43c3-7ee6-4af5-b02f-71db87ddbf33,NVDA,BUY,502.3600,1,100,Status.FILLED,2026-03-26 18:50:38.531243
2020-11-02 09:35:26,297f41b3-3d3d-4839-9906-0ddf05944fa8,NVDA,BUY,502.4600,1,100,Status.FILLED,2026-03-26 18:50:39.540176
2020-11-02 09:35:27,0167b1ad-dfa0-447b-a915-487ee9ca997f,NVDA,BUY,502.3600,1,100,Status.FILLED,2026-03-26 18:50:40.545129
2020-11-02 09:35:28,6d456c57-4eae-4936-a87a-cee485347f88,NVDA,BUY,502.4600,1,100,Status.FILLED,2026-03-26 18:50:41.552202
2020-11-02 09:35:29,c4dad820-5785-476d-a040-60e40b2cef3f,NVDA,BUY,502.5400,1,100,Status.FILLED,2026-03-26 18:50:42.557009
2020-11-02 09:35:30,20709801-849f-461f-9615-4d83ccab6987,NVDA,BUY,502.3600,1,100,Status.FILLED,2026-03-26 18:50:43.565373
2020-11-02 09:35:30,2378ec7d-eb67-4b38-9aa8-da80c0e26a2b,NVDA,SELL,502.0800,1,1800,Status.PARTIALLY_FILLED,2026-03-26 18:50:44.570227
2020-11-02 09:35:34,a19fc5cb-59a4-45a3-b3d9-12f6a7ec72e7,NVDA,SELL,502.1900,1,1000,Status.PARTIALLY_FILLED,2026-03-26 18:50:47.588274
2020-11-02 09:35:37,da6c5712-368e-4654-b4c0-79e629c7ee19,NVDA,SELL,502.1100,1,800,Status.PARTIALLY_FILLED,2026-03-26 18:50:50.601869
2020-11-02 09:35:41,db3db3a8-c919-4722-b3d0-bdb4bb418a8d,NVDA,SELL,502.0600,1,700,Status.PARTIALLY_FILLED,2026-03-26 18:50:53.615696
2020-11-02 09:35:43,342c8947-66d7-463f-ad9f-687f654d1779,NVDA,SELL,502.0000,1,600,Status.PARTIALLY_FILLED,2026-03-26 18:50:56.638137
2020-11-02 09:35:51,87682c3e-264d-40e0-8f4e-92b08c988b1f,NVDA,SELL,501.7900,1,100,Status.FILLED,2026-03-26 18:51:04.697078
2020-11-02 09:35:52,09521f58-0497-48e1-a881-898bf2126e25,NVDA,SELL,501.5800,1,100,Status.FILLED,2026-03-26 18:51:05.709493
2020-11-02 09:35:53,823a3fe6-bdf2-4125-864c-eec17635e22b,NVDA,SELL,501.6000,1,100,Status.FILLED,2026-03-26 18:51:06.712740
2020-11-02 09:35:54,6429bf6e-ecee-4e89-88fd-82bc83c907b4,NVDA,SELL,501.6000,1,100,Status.FILLED,2026-03-26 18:51:07.727733
2020-11-02 09:35:55,5eb1faaa-3458-46e9-928f-f897c38ac9bc,NVDA,SELL,502.0300,1,100,Status.FILLED,2026-03-26 18:51:08.737787
2020-11-02 09:35:59,9b691b33-54d2-4a24-80e7-cf584c0a32b2,NVDA,BUY,0.0000,5,500,Status.CANCELED,2026-03-26 18:51:09.755800
2020-11-02 09:36:02,8eeafe2e-8de3-4fdc-8feb-5d7c5126b8f5,NVDA,BUY,0.0000,5,500,Status.CANCELED,2026-03-26 18:51:12.769668
2020-11-02 09:36:03,9e26449b-a45f-4002-9a15-ff9d6adec22f,NVDA,BUY,0.0000,5,500,Status.CANCELED,2026-03-26 18:51:15.785567
2020-11-02 09:36:03,6162272d-5f58-49ef-b493-9d6d2b04088e,NVDA,BUY,503.0800,1,600,Status.FILLED,2026-03-26 18:51:17.799571
2020-11-02 09:36:03,6162272d-5f58-49ef-b493-9d6d2b04088e,NVDA,BUY,503.0700,1,600,Status.PARTIALLY_FILLED,2026-03-26 18:51:17.799571
2020-11-02 09:36:03,6162272d-5f58-49ef-b493-9d6d2b04088e,NVDA,BUY,503.0600,1,600,Status.PARTIALLY_FILLED,2026-03-26 18:51:17.799571
2020-11-02 09:36:03,6162272d-5f58-49ef-b493-9d6d2b04088e,NVDA,BUY,503.0000,1,600,Status.PARTIALLY_FILLED,2026-03-26 18:51:17.799571
2020-11-02 09:36:03,6162272d-5f58-49ef-b493-9d6d2b04088e,NVDA,BUY,502.9800,1,600,Status.PARTIALLY_FILLED,2026-03-26 18:51:17.799571
2020-11-02 09:36:03,6162272d-5f58-49ef-b493-9d6d2b04088e,NVDA,BUY,502.9700,1,600,Status.PARTIALLY_FILLED,2026-03-26 18:51:17.799571
2020-11-02 09:36:05,4cee15ea-513c-440a-b83f-28995d2787b7,NVDA,BUY,503.0900,1,100,Status.FILLED,2026-03-26 18:51:18.815190
2020-11-02 09:36:06,47b41080-d943-4e30-b3dd-33fc3878c1e2,NVDA,BUY,503.2000,1,100,Status.FILLED,2026-03-26 18:51:19.818672
2020-11-02 09:36:07,b3eb34ab-a0ee-43ce-ab21-7e84f1878d97,NVDA,SELL,502.9600,2,300,Status.FILLED,2026-03-26 18:51:20.823871
2020-11-02 09:36:07,b3eb34ab-a0ee-43ce-ab21-7e84f1878d97,NVDA,SELL,502.9600,1,300,Status.PARTIALLY_FILLED,2026-03-26 18:51:20.823871
2020-11-02 09:36:32,74bea24b-63dd-4103-b2ab-ec3456967dbd,NVDA,SELL,503.3600,1,100,Status.FILLED,2026-03-26 18:51:45.945133
2020-11-02 09:36:33,b27b17c1-d904-4821-afa6-6e72466dc082,NVDA,SELL,503.2200,1,100,Status.FILLED,2026-03-26 18:51:46.953524
2020-11-02 09:36:34,f50f7f7a-4268-413f-af9e-9b3fa42ab6c3,NVDA,SELL,503.2200,1,100,Status.FILLED,2026-03-26 18:51:48.000390
2020-11-02 09:36:35,2a00470e-3580-4059-8b79-3be6cbf0a06f,NVDA,SELL,503.2200,1,100,Status.FILLED,2026-03-26 18:51:49.005723
2020-11-02 09:36:36,a5141925-1b71-47f2-807d-55f5bcfac556,NVDA,BUY,503.4400,1,400,Status.PARTIALLY_FILLED,2026-03-26 18:51:50.013648
2020-11-02 09:36:39,2066e408-87e9-43f5-8883-e466d67395ff,NVDA,BUY,503.7800,1,100,Status.FILLED,2026-03-26 18:51:53.027796
2020-11-02 09:36:40,2c0d0175-589d-4406-9a6c-dfe13e188bc8,NVDA,BUY,503.7800,1,100,Status.FILLED,2026-03-26 18:51:54.033237
2020-11-02 09:36:41,32c39e68-7b92-4550-a3ae-f398ac6b27cd,NVDA,BUY,503.7000,1,100,Status.FILLED,2026-03-26 18:51:55.042873
2020-11-02 09:36:42,063d46c4-004c-4b01-bc85-f7ae31f87574,NVDA,BUY,503.8100,1,100,Status.FILLED,2026-03-26 18:51:56.051131
2020-11-02 09:36:43,fdd41b98-9496-4394-bc38-22f85f71572d,NVDA,BUY,504.2100,1,100,Status.FILLED,2026-03-26 18:51:57.059621
2020-11-02 09:36:44,2353754b-cf53-4bd7-b71f-4d4451e513bf,NVDA,BUY,504.3800,1,100,Status.FILLED,2026-03-26 18:51:58.064802
2020-11-02 09:36:45,56022c24-c99e-4137-9c36-07cde6606a7a,NVDA,BUY,504.3800,1,100,Status.FILLED,2026-03-26 18:51:59.070414
2020-11-02 09:36:46,205705fd-a42e-4c59-8bd1-b1e092db1aa5,NVDA,BUY,504.3800,1,100,Status.FILLED,2026-03-26 18:52:00.077782
2020-11-02 09:36:47,c4dc605a-5d6c-4d34-9a3f-b8c4c35179b5,NVDA,BUY,504.3800,1,100,Status.FILLED,2026-03-26 18:52:01.087270
2020-11-02 09:36:48,d21b5759-2bb8-4d93-8cc4-236ae5a0b6b6,NVDA,BUY,504.2400,1,100,Status.FILLED,2026-03-26 18:52:02.091647
2020-11-02 09:36:49,7c81d478-3361-4a87-900b-4bf59d9813e9,NVDA,SELL,504.0300,1,1000,Status.PARTIALLY_FILLED,2026-03-26 18:52:03.101013
2020-11-02 09:37:03,a1d87384-9c98-4cf0-bc92-ae60bcead029,NVDA,SELL,504.2300,1,100,Status.FILLED,2026-03-26 18:52:16.221173
2020-11-02 09:37:03,09274bf2-36af-4672-bb3b-99dc21259e95,NVDA,SELL,503.9200,1,100,Status.FILLED,2026-03-26 18:52:17.232270
2020-11-02 09:37:04,37b7affa-5ce1-458f-94d9-30d59ca1bc3e,NVDA,SELL,503.9200,1,100,Status.FILLED,2026-03-26 18:52:18.239950
2020-11-02 09:37:06,6e46e32a-73f1-4fc9-a519-b404e06321c4,NVDA,SELL,503.7400,1,100,Status.FILLED,2026-03-26 18:52:19.252957
2020-11-02 09:37:07,b3270e83-944b-457c-af1f-aea3e0e21d75,NVDA,SELL,503.7400,1,100,Status.FILLED,2026-03-26 18:52:20.261760
2020-11-02 09:37:08,5cc8ea31-9ad2-47cc-b016-f19dc9d7fd80,NVDA,SELL,503.5200,1,100,Status.FILLED,2026-03-26 18:52:21.268246
2020-11-02 09:37:08,688ca736-68fd-4035-90ed-9ee146882ad1,NVDA,SELL,503.5300,1,100,Status.FILLED,2026-03-26 18:52:22.273506
2020-11-02 09:37:09,605b6372-32b2-41fb-9cbd-4b8d4465ddc3,NVDA,SELL,503.5300,1,100,Status.FILLED,2026-03-26 18:52:23.282511
2020-11-02 09:37:11,31426fac-6c36-4931-b5f7-ed0a1f21fbcd,NVDA,SELL,503.5400,1,100,Status.FILLED,2026-03-26 18:52:24.293504
2020-11-02 09:37:12,191f3c8f-43b3-4227-b167-c71db6cb8644,NVDA,SELL,503.5400,1,100,Status.FILLED,2026-03-26 18:52:25.298626
2020-11-02 09:37:24,81ab4169-e031-4490-97fe-7ac6013fb00e,NVDA,BUY,504.0700,1,100,Status.FILLED,2026-03-26 18:52:37.396327
2020-11-02 09:37:25,bd2baa8e-5a28-4935-9515-a1763ada3207,NVDA,BUY,504.0700,1,100,Status.FILLED,2026-03-26 18:52:38.403546
2020-11-02 09:37:26,0482d4a3-aed3-4a90-9e46-eca13909dacf,NVDA,BUY,504.4500,1,100,Status.FILLED,2026-03-26 18:52:39.410547
2020-11-02 09:37:27,dbf6f694-2020-4ee3-9b1e-2acbca421a0a,NVDA,BUY,504.4900,1,100,Status.FILLED,2026-03-26 18:52:40.415678
2020-11-02 09:37:28,216e45ba-e85a-4ba6-9d09-4a5a567a27a2,NVDA,BUY,504.3100,1,100,Status.FILLED,2026-03-26 18:52:41.430602
2020-11-02 09:37:28,f74ded9d-b16a-45d5-a849-b7810614d26f,NVDA,BUY,504.3400,1,100,Status.FILLED,2026-03-26 18:52:42.438018
2020-11-02 09:37:29,1831def2-e37c-4cd9-ba4d-b64c900e770b,NVDA,SELL,503.9200,1,400,Status.PARTIALLY_FILLED,2026-03-26 18:52:43.444798
2020-11-02 09:37:33,c348e716-5d2f-4b7b-a2f3-115ed23b4072,NVDA,SELL,504.1200,7,800,Status.FILLED,2026-03-26 18:52:45.454334
2020-11-02 09:37:33,c348e716-5d2f-4b7b-a2f3-115ed23b4072,NVDA,SELL,504.1200,1,800,Status.PARTIALLY_FILLED,2026-03-26 18:52:45.454334
2020-11-02 09:38:21,8236d5c3-bd5e-498f-a542-9163457d8345,NVDA,BUY,504.4300,1,100,Status.FILLED,2026-03-26 18:53:34.742066
2020-11-02 09:38:22,7433952c-6d01-478d-b8c4-a98ddd2ff1c1,NVDA,BUY,504.4300,1,100,Status.FILLED,2026-03-26 18:53:35.748593
2020-11-02 09:38:23,73f7bef9-91ba-4f1e-8d43-bafb0c4c29fe,NVDA,BUY,504.3000,1,100,Status.FILLED,2026-03-26 18:53:36.756079
2020-11-02 09:38:24,121625ec-b4d9-4f9c-9c92-64ed6d9d40fc,NVDA,BUY,504.5000,1,100,Status.FILLED,2026-03-26 18:53:37.761201
2020-11-02 09:38:25,ec6c8aa7-2bd0-4d0a-9fe4-5d01fdb82809,NVDA,BUY,504.3000,1,100,Status.FILLED,2026-03-26 18:53:38.768166
2020-11-02 09:38:26,e1c32de2-9f2e-412a-8c45-9374b67f76f5,NVDA,BUY,504.7800,1,100,Status.FILLED,2026-03-26 18:53:39.772671
2020-11-02 09:38:27,47440a01-dafa-4685-a7b8-cc80985d8108,NVDA,BUY,504.7800,1,100,Status.FILLED,2026-03-26 18:53:40.790671
2020-11-02 09:38:28,00fbc4a6-a2e7-4f2f-9a38-e724565294a1,NVDA,BUY,504.8500,1,100,Status.FILLED,2026-03-26 18:53:41.815607
2020-11-02 09:38:29,59784c03-96c1-4ff9-9146-47742ddde965,NVDA,SELL,504.6300,1,800,Status.PARTIALLY_FILLED,2026-03-26 18:53:42.822923
2020-11-02 09:38:32,0f6d68b3-772b-45cb-a588-a4274a3b973c,NVDA,SELL,504.6300,1,900,Status.PARTIALLY_FILLED,2026-03-26 18:53:45.844521
2020-11-02 09:38:55,daf48cb2-1cfb-4179-bab2-3f6ec72f21cb,NVDA,BUY,505.2000,1,100,Status.FILLED,2026-03-26 18:54:09.153300
2020-11-02 09:38:56,7014ebb5-8cf4-40ea-b0d4-2ad79528a467,NVDA,BUY,505.2900,1,100,Status.FILLED,2026-03-26 18:54:10.158317
2020-11-02 09:38:57,65b39f3e-5a08-48e6-b07e-c90561d23e11,NVDA,BUY,505.3000,1,100,Status.FILLED,2026-03-26 18:54:11.161264
2020-11-02 09:38:58,bb862cd3-aca2-4f7c-84e0-ecce6e0f2e7d,NVDA,BUY,505.3000,1,100,Status.FILLED,2026-03-26 18:54:12.167915
2020-11-02 09:38:59,1d1aca13-f87f-44a8-b060-04071e433059,NVDA,BUY,505.3000,1,100,Status.FILLED,2026-03-26 18:54:13.182340
2020-11-02 09:39:00,46d3e827-6d81-46da-a760-02a7f946b84c,NVDA,BUY,505.1300,1,100,Status.FILLED,2026-03-26 18:54:14.188858
2020-11-02 09:39:02,46ef603f-814f-437f-a74e-4ba2719b71c2,NVDA,BUY,505.2500,1,100,Status.FILLED,2026-03-26 18:54:15.193942
2020-11-02 09:39:02,600c9bea-c7a7-45b6-95a4-23e77b77203f,NVDA,BUY,505.2500,1,100,Status.FILLED,2026-03-26 18:54:16.199511
2020-11-02 09:39:03,78bfb29e-8471-4802-aa56-dbfde539430f,NVDA,BUY,505.2400,1,100,Status.FILLED,2026-03-26 18:54:17.207017
2020-11-02 09:39:04,cb37307b-de70-45d3-80ef-e6b8363b33d5,NVDA,SELL,505.0800,1,900,Status.PARTIALLY_FILLED,2026-03-26 18:54:18.217797
2020-11-02 09:39:04,cb37307b-de70-45d3-80ef-e6b8363b33d5,NVDA,SELL,505.0800,2,900,Status.PARTIALLY_FILLED,2026-03-26 18:54:18.217797
2020-11-02 09:39:15,3ea9691f-db50-4801-a1f1-b5248ab383b9,NVDA,BUY,505.3000,1,100,Status.FILLED,2026-03-26 18:54:28.273764
2020-11-02 09:39:16,a600ac8e-821e-4bbc-a67f-3099b2137d50,NVDA,BUY,505.2900,1,100,Status.FILLED,2026-03-26 18:54:29.278337
2020-11-02 09:39:17,fda991af-8324-4035-a190-81dcfd3229a9,NVDA,BUY,505.5000,1,100,Status.FILLED,2026-03-26 18:54:30.287752
2020-11-02 09:39:18,05fde392-34f0-4d82-9266-7b42aca4e027,NVDA,BUY,505.5000,1,100,Status.FILLED,2026-03-26 18:54:31.302968
2020-11-02 09:39:19,00abb512-6b33-4d31-8312-f0334730a5ba,NVDA,BUY,505.5200,1,100,Status.FILLED,2026-03-26 18:54:32.310616
2020-11-02 09:39:20,c7e09da3-938f-419a-ae45-6f009a931808,NVDA,BUY,505.5000,1,100,Status.FILLED,2026-03-26 18:54:33.339667
2020-11-02 09:39:21,8a5e26ab-e534-4113-8b1b-9a05b1db9f1e,NVDA,BUY,505.7300,1,100,Status.FILLED,2026-03-26 18:54:34.344200
2020-11-02 09:39:22,6714069c-7880-4e63-a94b-90fd6d0667ea,NVDA,BUY,505.7300,1,100,Status.FILLED,2026-03-26 18:54:35.347753
2020-11-02 09:39:23,94c98757-56e9-4ee4-a05c-347f0aa4dfb5,NVDA,BUY,505.7300,1,100,Status.FILLED,2026-03-26 18:54:36.353796
2020-11-02 09:39:24,41488251-30ff-4c99-8c37-033978c40a38,NVDA,BUY,505.7300,1,100,Status.FILLED,2026-03-26 18:54:37.362916
2020-11-02 09:39:25,a65ea3da-79f8-49d3-94ca-6321a690e61f,NVDA,BUY,505.7300,1,100,Status.FILLED,2026-03-26 18:54:38.371261
2020-11-02 09:39:26,1e6bc9a5-e9ad-4e43-99be-85863743f9f8,NVDA,BUY,505.8100,1,100,Status.FILLED,2026-03-26 18:54:39.379933
2020-11-02 09:39:27,0e6c3127-443d-4a46-b238-97acd66a6792,NVDA,BUY,506.0000,1,100,Status.FILLED,2026-03-26 18:54:40.388406
2020-11-02 09:39:28,b691b355-8c4b-4e0f-86d0-537dd1978ae7,NVDA,BUY,506.0200,1,100,Status.FILLED,2026-03-26 18:54:41.396437
2020-11-02 09:40:49,6d147c62-a4c0-4718-b717-3261bc26b8de,NVDA,SELL,507.0000,1,100,Status.FILLED,2026-03-26 18:56:02.823376
2020-11-02 09:40:50,07bfaae2-fe32-4efb-9c80-75f911af78bf,NVDA,SELL,507.0000,1,100,Status.FILLED,2026-03-26 18:56:03.844046
2020-11-02 09:40:51,36ec083d-c015-4e38-82dc-a947b03cd308,NVDA,SELL,507.0000,1,100,Status.FILLED,2026-03-26 18:56:04.850784
2020-11-02 09:40:52,3b0edfb5-8433-414a-bd5d-5d007bb88d43,NVDA,SELL,507.0000,1,100,Status.FILLED,2026-03-26 18:56:05.855112
2020-11-02 09:40:53,a172b287-79da-41e4-bb5c-a92224e026f7,NVDA,SELL,506.6400,1,100,Status.FILLED,2026-03-26 18:56:06.863823
2020-11-02 09:40:53,a6e9c3ab-28d4-4285-be06-7a63e1e27fb4,NVDA,SELL,506.3800,1,100,Status.FILLED,2026-03-26 18:56:07.869589
2020-11-02 09:40:55,c092a168-76c6-44a4-b5c7-4a51d3f95801,NVDA,SELL,506.5000,1,100,Status.FILLED,2026-03-26 18:56:08.878890
2020-11-02 09:40:55,bb9938b6-0c76-4820-9f11-51bec723049c,NVDA,SELL,506.5000,1,100,Status.FILLED,2026-03-26 18:56:09.887309
2020-11-02 09:40:57,ee3258ad-02de-4d8f-b8c9-cf80a3a56117,NVDA,SELL,506.5600,1,100,Status.FILLED,2026-03-26 18:56:10.897537
2020-11-02 09:40:58,ad5c3afb-32f4-4f55-ab31-f7d2df0ce0b3,NVDA,SELL,506.6000,1,100,Status.FILLED,2026-03-26 18:56:11.906509
2020-11-02 09:41:23,399cf534-e9c4-447c-9714-18826acb990b,NVDA,BUY,506.6900,1,100,Status.FILLED,2026-03-26 18:56:37.075103
2020-11-02 09:41:24,10316610-2649-4467-abcc-a65749474cdd,NVDA,BUY,506.4400,1,100,Status.FILLED,2026-03-26 18:56:38.081118
2020-11-02 09:41:25,decd040b-ca50-403d-8c8e-9ecc81d3b592,NVDA,BUY,506.4400,1,100,Status.FILLED,2026-03-26 18:56:39.084102
2020-11-02 09:41:26,f09a9f34-bf5b-4cbc-a6ec-d47d426cbcb8,NVDA,BUY,506.7100,1,100,Status.FILLED,2026-03-26 18:56:40.089730
2020-11-02 09:41:27,b04a31c5-07ff-4f4e-b4dc-5b18dd663d03,NVDA,BUY,506.7100,1,100,Status.FILLED,2026-03-26 18:56:41.095082
2020-11-02 09:41:28,24d2e3c6-aece-4e49-8625-3bbbc683720f,NVDA,BUY,506.7100,1,100,Status.FILLED,2026-03-26 18:56:42.101013
2020-11-02 09:41:29,19e6f8c7-7c16-409a-bbbe-e20ebed4b27c,NVDA,BUY,506.8500,1,100,Status.FILLED,2026-03-26 18:56:43.106568
2020-11-02 09:41:30,da8dec0f-eb8d-4f55-a620-c09309ea472a,NVDA,BUY,506.8500,1,100,Status.FILLED,2026-03-26 18:56:44.110201
2020-11-02 09:41:31,fb060344-5b77-45e6-9525-36ef761997f3,NVDA,BUY,506.8500,1,100,Status.FILLED,2026-03-26 18:56:45.114564
2020-11-02 09:41:32,994273b5-251a-478b-8d25-336535a6b0a6,NVDA,BUY,506.9300,1,100,Status.FILLED,2026-03-26 18:56:46.120403
