sim_time,order_id,symbol,side,executed_price,executed_size,status,exec_timestamp
2020-10-29 09:31:35,a857e67e-c70c-49db-80a2-ca4bf7804082,NVDA,SELL,0.0000,5,Status.CANCELED,2026-03-27 00:09:16.737628
2020-10-29 09:31:37,feb432af-3048-4881-a8a1-ce46ae6a7eb3,NVDA,SELL,0.0000,5,Status.CANCELED,2026-03-27 00:09:18.761901
2020-10-29 09:31:37,e08fa80a-a6a1-41e8-b8a4-8e77dd05c186,NVDA,SELL,513.6200,2,Status.PARTIALLY_FILLED,2026-03-27 00:09:20.784276
2020-10-29 09:31:39,dbe6183d-1ccd-4cde-9453-a8c7aa235645,NVDA,SELL,513.6200,1,Status.FILLED,2026-03-27 00:09:22.814823
2020-10-29 09:31:39,dbe6183d-1ccd-4cde-9453-a8c7aa235645,NVDA,SELL,513.6200,2,Status.PARTIALLY_FILLED,2026-03-27 00:09:22.814823
2020-10-29 09:32:18,c508391d-21b4-466f-9465-41dfcf6bf7b6,NVDA,BUY,514.2500,1,Status.FILLED,2026-03-27 00:10:00.080540
2020-10-29 09:32:18,c508391d-21b4-466f-9465-41dfcf6bf7b6,NVDA,BUY,514.2500,1,Status.PARTIALLY_FILLED,2026-03-27 00:10:00.080540
2020-10-29 09:32:18,7a509d7b-1582-4857-a395-001cffc5dee8,NVDA,BUY,514.0000,2,Status.FILLED,2026-03-27 00:10:02.089306
2020-10-29 09:32:18,7a509d7b-1582-4857-a395-001cffc5dee8,NVDA,BUY,514.0000,1,Status.PARTIALLY_FILLED,2026-03-27 00:10:02.089306
2020-10-29 09:32:18,7a509d7b-1582-4857-a395-001cffc5dee8,NVDA,BUY,513.9900,2,Status.PARTIALLY_FILLED,2026-03-27 00:10:02.089306
2020-10-29 09:32:19,2b34fac2-ea10-4e43-a16f-6fb1de1cf1e5,NVDA,BUY,513.2700,2,Status.PARTIALLY_FILLED,2026-03-27 00:10:04.114548
2020-10-29 09:32:21,e91930c7-85c2-4e05-8814-d1c228443216,NVDA,BUY,512.5400,1,Status.PARTIALLY_FILLED,2026-03-27 00:10:06.129461
2020-10-29 09:32:26,5ce5f643-b5a0-4a44-b493-2089bb7cb54d,NVDA,BUY,0.0000,5,Status.CANCELED,2026-03-27 00:10:08.139438
2020-10-29 09:32:26,3d700f17-aaa1-4f48-bd88-2120a0d31642,NVDA,BUY,512.2900,1,Status.PARTIALLY_FILLED,2026-03-27 00:10:10.156007
2020-10-29 09:32:30,4d325413-c028-4a02-8083-be6234b078eb,NVDA,BUY,0.0000,5,Status.CANCELED,2026-03-27 00:10:12.172741
2020-10-29 09:32:32,24a9582e-ddf3-4009-814f-686c0c291933,NVDA,BUY,0.0000,5,Status.CANCELED,2026-03-27 00:10:14.181663
2020-10-29 09:32:32,1b5eb80b-02ac-4884-a1a7-9a3049fc7dbc,NVDA,BUY,513.5000,1,Status.PARTIALLY_FILLED,2026-03-27 00:10:16.208034
2020-10-29 09:32:54,a65e9ec2-3ee7-4770-9337-870df63e7f8a,NVDA,SELL,0.0000,5,Status.CANCELED,2026-03-27 00:10:36.375690
2020-10-29 09:32:54,1fe5a827-2543-4016-985f-a8fcb3a781e2,NVDA,SELL,513.0000,1,Status.PARTIALLY_FILLED,2026-03-27 00:10:38.391963
2020-10-29 09:32:55,98b4a10f-dd7e-41a7-af57-78659479f0e6,NVDA,SELL,513.1200,1,Status.PARTIALLY_FILLED,2026-03-27 00:10:39.399806
2020-10-29 09:32:55,98b4a10f-dd7e-41a7-af57-78659479f0e6,NVDA,SELL,513.1300,1,Status.PARTIALLY_FILLED,2026-03-27 00:10:39.399806
2020-10-29 09:32:57,801b1282-b343-48e8-9c93-d4409eed3617,NVDA,SELL,513.4100,1,Status.FILLED,2026-03-27 00:10:41.422706
2020-10-29 09:32:57,801b1282-b343-48e8-9c93-d4409eed3617,NVDA,SELL,513.4100,1,Status.PARTIALLY_FILLED,2026-03-27 00:10:41.422706
2020-10-29 09:33:33,08758604-1bdf-4072-a5b7-6b6141e79932,NVDA,BUY,513.6900,5,Status.FILLED,2026-03-27 00:11:16.622635
2020-10-29 09:33:36,ad6c7cc5-376c-44e0-a355-10a7e5c4f396,NVDA,BUY,514.5100,5,Status.FILLED,2026-03-27 00:11:18.639511
2020-10-29 09:33:36,fbee3af2-ea2a-480d-ad95-604b6ef2a340,NVDA,BUY,514.2500,3,Status.FILLED,2026-03-27 00:11:20.651050
2020-10-29 09:33:36,fbee3af2-ea2a-480d-ad95-604b6ef2a340,NVDA,BUY,514.2500,2,Status.PARTIALLY_FILLED,2026-03-27 00:11:20.651050
2020-10-29 09:34:10,4ab507d0-2543-485e-9a08-4350a1a79331,NVDA,SELL,0.0000,5,Status.CANCELED,2026-03-27 00:11:51.983629
2020-10-29 09:34:12,c644fdbd-7f4c-49c2-a746-f418f5ab4a58,NVDA,SELL,0.0000,5,Status.CANCELED,2026-03-27 00:11:53.994309
2020-10-29 09:34:14,c5f97903-6aea-44ad-8f9f-5e31873577ef,NVDA,SELL,0.0000,5,Status.CANCELED,2026-03-27 00:11:56.011826
2020-10-29 09:34:14,bd4c23e5-715a-4d38-89ec-b7135d979dfc,NVDA,SELL,513.9800,2,Status.FILLED,2026-03-27 00:11:58.027706
2020-10-29 09:34:14,bd4c23e5-715a-4d38-89ec-b7135d979dfc,NVDA,SELL,513.9800,3,Status.PARTIALLY_FILLED,2026-03-27 00:11:58.027706
2020-10-29 09:34:18,b5a8a38a-bfc8-4495-b033-ad4d0cf0fb92,NVDA,SELL,0.0000,5,Status.CANCELED,2026-03-27 00:12:00.049716
2020-10-29 09:34:18,aa913c1d-e355-4f4b-98ac-53c1eb38e68f,NVDA,SELL,514.1000,1,Status.FILLED,2026-03-27 00:12:02.066679
2020-10-29 09:34:18,aa913c1d-e355-4f4b-98ac-53c1eb38e68f,NVDA,SELL,514.1000,1,Status.PARTIALLY_FILLED,2026-03-27 00:12:02.066679
2020-10-29 09:34:22,c0b04c70-2243-4dab-8f55-f79aaf13747e,NVDA,SELL,0.0000,5,Status.CANCELED,2026-03-27 00:12:04.100057
2020-10-29 09:34:24,b37a94ec-6f7c-4610-aafa-066a45581ebc,NVDA,SELL,0.0000,5,Status.CANCELED,2026-03-27 00:12:06.119793
2020-10-29 09:34:24,edb8dba0-e869-4763-9471-93d388e35a03,NVDA,SELL,513.7500,1,Status.FILLED,2026-03-27 00:12:08.143879
2020-10-29 09:34:24,edb8dba0-e869-4763-9471-93d388e35a03,NVDA,SELL,513.7500,1,Status.PARTIALLY_FILLED,2026-03-27 00:12:08.143879
2020-10-29 09:34:24,edb8dba0-e869-4763-9471-93d388e35a03,NVDA,SELL,513.7500,2,Status.PARTIALLY_FILLED,2026-03-27 00:12:08.143879
2020-10-29 09:34:26,fef22f63-6aef-415e-b87e-7e452879824e,NVDA,SELL,513.9400,5,Status.FILLED,2026-03-27 00:12:10.162826
2020-10-29 09:34:40,472543ec-269c-4a08-bf66-e2194a458be5,NVDA,BUY,514.1100,5,Status.FILLED,2026-03-27 00:12:24.268756
2020-10-29 09:34:44,9aec77fc-4091-4eb5-9c49-69f7766e59aa,NVDA,BUY,0.0000,2,Status.FILLED,2026-03-27 00:12:26.285556
2020-10-29 09:34:44,9aec77fc-4091-4eb5-9c49-69f7766e59aa,NVDA,BUY,513.5400,1,Status.PARTIALLY_FILLED,2026-03-27 00:12:26.285556
2020-10-29 09:34:46,e30ed302-60a7-4412-b5fb-f3984d5de2e9,NVDA,BUY,0.0000,5,Status.CANCELED,2026-03-27 00:12:28.295892
2020-10-29 09:34:46,4aff71f0-9541-45b3-b495-bebf3a95378c,NVDA,BUY,513.9100,1,Status.FILLED,2026-03-27 00:12:30.320848
2020-10-29 09:34:46,4aff71f0-9541-45b3-b495-bebf3a95378c,NVDA,BUY,513.9100,1,Status.PARTIALLY_FILLED,2026-03-27 00:12:30.320848
2020-10-29 09:35:01,6cbc041c-8e5c-4131-bb76-9b0214c5e119,NVDA,BUY,0.0000,5,Status.CANCELED,2026-03-27 00:12:44.542566
2020-10-29 09:35:05,160da140-5297-4366-9f17-03e1831b97a0,NVDA,BUY,0.0000,5,Status.CANCELED,2026-03-27 00:12:47.561989
2020-10-29 09:35:11,9352d9ca-1838-436b-9d20-4f5913cf2d8c,NVDA,BUY,0.0000,5,Status.CANCELED,2026-03-27 00:12:53.612596
2020-10-29 09:35:18,f258fce2-1204-4aec-8710-e8341dc0ca29,NVDA,BUY,0.0000,5,Status.CANCELED,2026-03-27 00:12:59.636725
2020-10-29 09:35:24,b41b49de-2d15-4592-9fa7-6af9fb61efcd,NVDA,BUY,0.0000,5,Status.CANCELED,2026-03-27 00:13:06.668522
2020-10-29 09:35:29,96e83f41-9986-4f0b-b9f7-f39cd7837023,NVDA,BUY,0.0000,5,Status.CANCELED,2026-03-27 00:13:11.689417
2020-10-29 09:35:38,237deeb1-d143-4767-9aa4-595dae8e3e86,NVDA,BUY,0.0000,1,Status.FILLED,2026-03-27 00:13:19.714423
2020-10-29 09:35:38,237deeb1-d143-4767-9aa4-595dae8e3e86,NVDA,BUY,514.7800,1,Status.PARTIALLY_FILLED,2026-03-27 00:13:19.714423
2020-10-29 09:35:50,9a985971-9aa8-4999-85ba-42f01f5c357a,NVDA,BUY,0.0000,3,Status.FILLED,2026-03-27 00:13:30.754435
2020-10-29 09:35:50,9a985971-9aa8-4999-85ba-42f01f5c357a,NVDA,BUY,514.6200,1,Status.PARTIALLY_FILLED,2026-03-27 00:13:30.754435
2020-10-29 09:36:39,e4a288d5-10ed-4075-8265-422023999d6c,NVDA,SELL,0.0000,5,Status.CANCELED,2026-03-27 00:14:21.007211
2020-10-29 09:36:41,875be63e-1262-4412-b15a-e9597a9e037c,NVDA,SELL,514.8400,2,Status.FILLED,2026-03-27 00:14:25.018532
2020-10-29 09:36:41,875be63e-1262-4412-b15a-e9597a9e037c,NVDA,SELL,514.8400,2,Status.PARTIALLY_FILLED,2026-03-27 00:14:25.018532
2020-10-29 09:36:41,875be63e-1262-4412-b15a-e9597a9e037c,NVDA,SELL,514.9800,1,Status.PARTIALLY_FILLED,2026-03-27 00:14:25.018532
2020-10-29 09:36:46,b85787a9-9846-415d-8c0c-e074439dd7ac,NVDA,SELL,514.7200,2,Status.FILLED,2026-03-27 00:14:28.052517
2020-10-29 09:36:46,b85787a9-9846-415d-8c0c-e074439dd7ac,NVDA,SELL,514.7200,1,Status.PARTIALLY_FILLED,2026-03-27 00:14:28.052517
2020-10-29 09:36:46,b85787a9-9846-415d-8c0c-e074439dd7ac,NVDA,SELL,514.7500,1,Status.PARTIALLY_FILLED,2026-03-27 00:14:28.052517
2020-10-29 09:36:49,d9032fba-bdbc-41f9-8fe7-f0f77b031bb6,NVDA,SELL,0.0000,5,Status.CANCELED,2026-03-27 00:14:31.091429
2020-10-29 09:36:52,7eef8c7b-f3d1-4836-83e1-3dc34e73125b,NVDA,SELL,0.0000,4,Status.FILLED,2026-03-27 00:14:33.110410
2020-10-29 09:36:52,7eef8c7b-f3d1-4836-83e1-3dc34e73125b,NVDA,SELL,514.7300,1,Status.PARTIALLY_FILLED,2026-03-27 00:14:33.110410
2020-10-29 09:36:56,aeaa0230-fdef-406f-9a1c-3c4952504ac7,NVDA,SELL,0.0000,5,Status.CANCELED,2026-03-27 00:14:36.127425
2020-10-29 09:36:56,953b5905-3085-4bda-8598-16c3336b3fe7,NVDA,SELL,514.3000,1,Status.FILLED,2026-03-27 00:14:40.161543
2020-10-29 09:36:56,953b5905-3085-4bda-8598-16c3336b3fe7,NVDA,SELL,514.3000,1,Status.PARTIALLY_FILLED,2026-03-27 00:14:40.161543
2020-10-29 09:36:56,953b5905-3085-4bda-8598-16c3336b3fe7,NVDA,SELL,514.3000,2,Status.PARTIALLY_FILLED,2026-03-27 00:14:40.161543
2020-10-29 09:37:00,a654799d-7609-4739-bb83-1540c8a36917,NVDA,SELL,0.0000,5,Status.CANCELED,2026-03-27 00:14:42.183476
2020-10-29 09:37:00,a73df4d7-b8f9-465e-aaf8-12bcef17ba77,NVDA,SELL,514.7200,1,Status.PARTIALLY_FILLED,2026-03-27 00:14:44.197950
2020-10-29 09:37:02,b585ad19-d896-4e98-8905-74f7fb335c49,NVDA,SELL,514.8000,1,Status.FILLED,2026-03-27 00:14:46.376814
2020-10-29 09:37:02,b585ad19-d896-4e98-8905-74f7fb335c49,NVDA,SELL,514.8100,1,Status.PARTIALLY_FILLED,2026-03-27 00:14:46.376814
2020-10-29 09:37:02,b585ad19-d896-4e98-8905-74f7fb335c49,NVDA,SELL,514.8400,2,Status.PARTIALLY_FILLED,2026-03-27 00:14:46.376814
2020-10-29 09:37:02,b585ad19-d896-4e98-8905-74f7fb335c49,NVDA,SELL,514.8400,1,Status.PARTIALLY_FILLED,2026-03-27 00:14:46.376814
2020-10-29 09:37:05,37c3cbfa-9b00-443b-a9a4-1d69c0cd3232,NVDA,SELL,515.1300,5,Status.FILLED,2026-03-27 00:14:48.389686
2020-10-29 09:37:20,ab06aa52-8ddd-41d9-851d-c0642aae434f,NVDA,BUY,0.0000,5,Status.CANCELED,2026-03-27 00:15:02.581796
2020-10-29 09:37:24,99361845-23b7-4810-83d6-8629e6a30919,NVDA,BUY,515.8300,1,Status.FILLED,2026-03-27 00:15:06.597665
2020-10-29 09:37:24,99361845-23b7-4810-83d6-8629e6a30919,NVDA,BUY,515.8300,1,Status.PARTIALLY_FILLED,2026-03-27 00:15:06.597665
2020-10-29 09:37:30,90fa1e48-cfcf-4e49-99bc-d93902c64bfd,NVDA,BUY,0.0000,5,Status.CANCELED,2026-03-27 00:15:10.620831
2020-10-29 09:37:35,7c202ca6-9872-4551-8faf-b68e1a573084,NVDA,BUY,0.0000,5,Status.CANCELED,2026-03-27 00:15:15.646627
2020-10-29 09:37:37,1aa3cf2a-6217-4518-8288-b86213f5255b,NVDA,BUY,0.0000,5,Status.CANCELED,2026-03-27 00:15:18.681287
2020-10-29 09:37:39,1198a835-9c37-4d4d-8cc6-09f41c625223,NVDA,BUY,0.0000,5,Status.CANCELED,2026-03-27 00:15:20.697341
2020-10-29 09:37:39,9b677b41-5604-42a0-abf8-8ed667a99fcd,NVDA,BUY,516.4400,2,Status.PARTIALLY_FILLED,2026-03-27 00:15:22.729927
2020-10-29 09:37:41,757d68ff-150f-462b-9b07-daab558fe3d2,NVDA,BUY,516.7200,1,Status.FILLED,2026-03-27 00:15:24.807706
2020-10-29 09:37:41,757d68ff-150f-462b-9b07-daab558fe3d2,NVDA,BUY,516.7200,1,Status.PARTIALLY_FILLED,2026-03-27 00:15:24.807706
2020-10-29 09:38:02,8834844d-66c1-48a6-a88c-723887135b66,NVDA,SELL,0.0000,5,Status.CANCELED,2026-03-27 00:15:44.078039
2020-10-29 09:38:02,4b3a2f05-cdff-4d5c-87d8-dd65bd200fd3,NVDA,SELL,515.3200,5,Status.FILLED,2026-03-27 00:15:46.093426
2020-10-29 09:38:04,d6bc0e4e-c3ba-4c84-8a9f-bd1b0639cfb5,NVDA,SELL,515.5600,1,Status.PARTIALLY_FILLED,2026-03-27 00:15:48.113994
2020-10-29 09:38:06,86b44347-296c-4a8e-ae61-41e01b4aebd0,NVDA,SELL,515.4800,1,Status.PARTIALLY_FILLED,2026-03-27 00:15:50.137264
2020-10-29 09:38:08,6e51d9c6-4983-4259-b10e-c6bd5d5d79a6,NVDA,SELL,515.4800,1,Status.PARTIALLY_FILLED,2026-03-27 00:15:52.152697
2020-10-29 09:38:28,1e594216-06fa-4671-9cce-5feaa1b9ac87,NVDA,BUY,0.0000,5,Status.CANCELED,2026-03-27 00:16:10.286707
2020-10-29 09:38:30,3abf6cad-c814-4515-810f-bd2817872a91,NVDA,BUY,0.0000,5,Status.CANCELED,2026-03-27 00:16:12.296126
2020-10-29 09:38:30,715f31b3-298d-4e28-9eac-71dc1d9001e8,NVDA,BUY,515.4100,1,Status.PARTIALLY_FILLED,2026-03-27 00:16:14.309702
2020-10-29 09:38:34,34de4bd8-0f14-4200-8061-b39f3bebc2ed,NVDA,BUY,0.0000,5,Status.CANCELED,2026-03-27 00:16:16.320926
2020-10-29 09:38:36,79ee8991-7e1a-4769-8118-049a1ee8f738,NVDA,BUY,0.0000,5,Status.CANCELED,2026-03-27 00:16:18.330068
2020-10-29 09:38:38,21f3dc86-7837-4e17-8839-8248ce49b178,NVDA,BUY,0.0000,1,Status.FILLED,2026-03-27 00:16:20.380288
2020-10-29 09:38:38,21f3dc86-7837-4e17-8839-8248ce49b178,NVDA,BUY,515.4300,1,Status.PARTIALLY_FILLED,2026-03-27 00:16:20.380288
2020-10-29 09:38:38,1a1467bc-6978-4089-aa79-45b652e31b3c,NVDA,BUY,515.4200,1,Status.PARTIALLY_FILLED,2026-03-27 00:16:22.403614
2020-10-29 09:38:42,9dea21cb-064e-4852-ae01-5aca9c217c71,NVDA,BUY,0.0000,5,Status.CANCELED,2026-03-27 00:16:24.421586
2020-10-29 09:38:42,820a8ec6-a90b-44da-a813-bf728b338a33,NVDA,BUY,515.3900,1,Status.PARTIALLY_FILLED,2026-03-27 00:16:26.432055
2020-10-29 09:38:46,2d495bfb-b311-45e9-8e12-1aa6246be2cb,NVDA,BUY,0.0000,5,Status.CANCELED,2026-03-27 00:16:28.456626
2020-10-29 09:38:46,4565fcda-a800-4462-81f8-095558544d06,NVDA,BUY,515.3000,1,Status.PARTIALLY_FILLED,2026-03-27 00:16:30.470104
2020-10-29 09:38:48,df2ae0b7-ecde-49cb-b106-6fd2452e6cbb,NVDA,BUY,515.3000,1,Status.PARTIALLY_FILLED,2026-03-27 00:16:32.487298
2020-10-29 09:38:53,cc1c852e-de2f-4b10-9069-7a7ea0c7baaa,NVDA,BUY,515.0300,5,Status.FILLED,2026-03-27 00:16:34.511171
2020-10-29 09:38:53,37695459-6427-4396-a12c-9e3d064fa6a0,NVDA,BUY,515.0800,1,Status.PARTIALLY_FILLED,2026-03-27 00:16:36.522855
2020-10-29 09:38:54,9b27f1bf-1524-4dab-a6f2-91efc3e99303,NVDA,BUY,515.0300,1,Status.PARTIALLY_FILLED,2026-03-27 00:16:38.538147
2020-10-29 09:38:56,b9974673-82fe-4527-886d-e4d2c228fd25,NVDA,BUY,515.1500,1,Status.PARTIALLY_FILLED,2026-03-27 00:16:40.548193
2020-10-29 09:39:21,b7833480-df53-49d5-bfe9-5286e1f13b03,NVDA,SELL,0.0000,5,Status.CANCELED,2026-03-27 00:17:03.798039
2020-10-29 09:39:21,d82ea0b3-b764-43c2-9201-9c6bd1054274,NVDA,SELL,514.4000,1,Status.PARTIALLY_FILLED,2026-03-27 00:17:05.830847
2020-10-29 09:39:27,e281d76a-dd26-4788-8d7f-f54fc9365859,NVDA,SELL,0.0000,5,Status.CANCELED,2026-03-27 00:17:08.878915
2020-10-29 09:39:27,67b2f7d5-a2c1-4b3c-992b-37f662ad884a,NVDA,SELL,514.2600,1,Status.PARTIALLY_FILLED,2026-03-27 00:17:11.913197
2020-10-29 09:39:31,13f17f5e-0ce9-43c2-ab13-337815f58ae0,NVDA,SELL,0.0000,5,Status.CANCELED,2026-03-27 00:17:13.930523
2020-10-29 09:39:34,19d86fe7-5c66-4eb8-a045-507463c028a7,NVDA,SELL,0.0000,5,Status.CANCELED,2026-03-27 00:17:15.940306
2020-10-29 09:39:34,95053093-8760-4d4a-9ff2-a380a4907b18,NVDA,SELL,514.3500,1,Status.FILLED,2026-03-27 00:17:17.955683
2020-10-29 09:39:34,95053093-8760-4d4a-9ff2-a380a4907b18,NVDA,SELL,514.3500,2,Status.PARTIALLY_FILLED,2026-03-27 00:17:17.955683
2020-10-29 09:39:34,95053093-8760-4d4a-9ff2-a380a4907b18,NVDA,SELL,514.3500,1,Status.PARTIALLY_FILLED,2026-03-27 00:17:17.955683
2020-10-29 09:39:36,57ae39bd-7eb6-4406-9f78-366024c1c327,NVDA,SELL,514.4900,1,Status.PARTIALLY_FILLED,2026-03-27 00:17:19.981093
2020-10-29 09:39:40,45d3dc78-71d3-4e15-a432-c87b311ba6c8,NVDA,SELL,0.0000,5,Status.CANCELED,2026-03-27 00:17:21.992509
2020-10-29 09:39:42,2bea5d93-bed3-40af-9adb-ec9d765d80f7,NVDA,SELL,514.4900,1,Status.FILLED,2026-03-27 00:17:23.998466
2020-10-29 09:39:42,2bea5d93-bed3-40af-9adb-ec9d765d80f7,NVDA,SELL,514.4900,1,Status.PARTIALLY_FILLED,2026-03-27 00:17:23.998466
2020-10-29 09:39:42,2bea5d93-bed3-40af-9adb-ec9d765d80f7,NVDA,SELL,514.4900,2,Status.PARTIALLY_FILLED,2026-03-27 00:17:23.998466
2020-10-29 09:39:42,ea95d596-8c46-452c-aa77-b066e11acb43,NVDA,SELL,514.4400,1,Status.PARTIALLY_FILLED,2026-03-27 00:17:26.013860
2020-10-29 09:39:43,18807a31-ca5f-4f65-8b91-c5c1be2bcfb1,NVDA,SELL,514.5200,1,Status.FILLED,2026-03-27 00:17:28.028453
2020-10-29 09:39:43,18807a31-ca5f-4f65-8b91-c5c1be2bcfb1,NVDA,SELL,514.5200,1,Status.PARTIALLY_FILLED,2026-03-27 00:17:28.028453
2020-10-29 09:39:43,18807a31-ca5f-4f65-8b91-c5c1be2bcfb1,NVDA,SELL,514.5800,1,Status.PARTIALLY_FILLED,2026-03-27 00:17:28.028453
2020-10-29 09:39:43,18807a31-ca5f-4f65-8b91-c5c1be2bcfb1,NVDA,SELL,514.5900,1,Status.PARTIALLY_FILLED,2026-03-27 00:17:28.028453
2020-10-29 09:40:04,11e78639-b3f9-47bc-b0ce-0c14e1392a6c,NVDA,BUY,0.0000,5,Status.CANCELED,2026-03-27 00:17:46.151502
2020-10-29 09:40:06,28816933-102d-47b9-a524-de968cb90f22,NVDA,BUY,0.0000,5,Status.CANCELED,2026-03-27 00:17:48.160913
2020-10-29 09:40:07,6d7b28dd-f9d7-4b8d-9462-61fe8cc068b4,NVDA,BUY,0.0000,5,Status.CANCELED,2026-03-27 00:17:50.171948
2020-10-29 09:40:10,3aa29ccd-aed7-4482-a76c-0b716a21204b,NVDA,BUY,0.0000,2,Status.FILLED,2026-03-27 00:17:52.188197
2020-10-29 09:40:10,3aa29ccd-aed7-4482-a76c-0b716a21204b,NVDA,BUY,515.9400,3,Status.PARTIALLY_FILLED,2026-03-27 00:17:52.188197
2020-10-29 09:40:11,0d19303c-2318-487b-847f-f037d4a71ba5,NVDA,BUY,515.9400,1,Status.FILLED,2026-03-27 00:17:55.216259
2020-10-29 09:40:11,0d19303c-2318-487b-847f-f037d4a71ba5,NVDA,BUY,515.9400,1,Status.PARTIALLY_FILLED,2026-03-27 00:17:55.216259
2020-10-29 09:40:16,d49f4fd9-ba75-4cb7-8ca5-82a01d791908,NVDA,BUY,515.4800,2,Status.FILLED,2026-03-27 00:17:59.244781
2020-10-29 09:40:16,d49f4fd9-ba75-4cb7-8ca5-82a01d791908,NVDA,BUY,515.4800,2,Status.PARTIALLY_FILLED,2026-03-27 00:17:59.244781
2020-10-29 09:40:16,d49f4fd9-ba75-4cb7-8ca5-82a01d791908,NVDA,BUY,515.4400,1,Status.PARTIALLY_FILLED,2026-03-27 00:17:59.244781
2020-10-29 09:40:22,aab23525-b8e3-4b55-8b00-0ecec8015a0d,NVDA,BUY,515.7800,1,Status.FILLED,2026-03-27 00:18:06.273976
2020-10-29 09:40:22,aab23525-b8e3-4b55-8b00-0ecec8015a0d,NVDA,BUY,515.7800,1,Status.PARTIALLY_FILLED,2026-03-27 00:18:06.273976
2020-10-29 09:40:22,aab23525-b8e3-4b55-8b00-0ecec8015a0d,NVDA,BUY,515.7700,1,Status.PARTIALLY_FILLED,2026-03-27 00:18:06.273976
2020-10-29 09:40:22,aab23525-b8e3-4b55-8b00-0ecec8015a0d,NVDA,BUY,515.6700,1,Status.PARTIALLY_FILLED,2026-03-27 00:18:06.273976
2020-10-29 09:40:22,aab23525-b8e3-4b55-8b00-0ecec8015a0d,NVDA,BUY,515.6600,1,Status.PARTIALLY_FILLED,2026-03-27 00:18:06.273976
2020-10-29 09:40:32,8d01f2eb-89fc-4a5a-9117-9fd74a097ac1,NVDA,BUY,515.2300,2,Status.FILLED,2026-03-27 00:18:14.301080
2020-10-29 09:40:32,8d01f2eb-89fc-4a5a-9117-9fd74a097ac1,NVDA,BUY,515.0700,1,Status.PARTIALLY_FILLED,2026-03-27 00:18:14.301080
2020-10-29 09:40:52,c3fc292f-a247-4fae-939a-ddffba8a9d4a,NVDA,SELL,0.0000,5,Status.CANCELED,2026-03-27 00:18:34.459184
2020-10-29 09:40:54,5ba98645-d5fd-4b85-9df9-80de1a2b75e8,NVDA,SELL,514.4500,3,Status.FILLED,2026-03-27 00:18:37.476620
2020-10-29 09:40:54,5ba98645-d5fd-4b85-9df9-80de1a2b75e8,NVDA,SELL,514.4500,2,Status.PARTIALLY_FILLED,2026-03-27 00:18:37.476620
2020-10-29 09:40:57,05fd8c59-37fb-48ac-8810-cf01811e9324,NVDA,SELL,514.7100,1,Status.FILLED,2026-03-27 00:18:39.495841
2020-10-29 09:40:57,05fd8c59-37fb-48ac-8810-cf01811e9324,NVDA,SELL,514.7100,1,Status.PARTIALLY_FILLED,2026-03-27 00:18:39.495841
2020-10-29 09:40:57,05fd8c59-37fb-48ac-8810-cf01811e9324,NVDA,SELL,514.7100,2,Status.PARTIALLY_FILLED,2026-03-27 00:18:39.495841
2020-10-29 09:41:00,eb68803f-abc5-4c4b-bc91-7212532c470b,NVDA,SELL,0.0000,5,Status.CANCELED,2026-03-27 00:18:42.518019
2020-10-29 09:41:03,656070e7-9059-421b-8822-4846c5f0ad31,NVDA,SELL,0.0000,5,Status.CANCELED,2026-03-27 00:18:45.530542
2020-10-29 09:41:06,da91f135-e29b-4cce-bbb8-e9cbbad0f686,NVDA,SELL,514.4000,1,Status.FILLED,2026-03-27 00:18:48.540212
2020-10-29 09:41:06,da91f135-e29b-4cce-bbb8-e9cbbad0f686,NVDA,SELL,514.4000,1,Status.PARTIALLY_FILLED,2026-03-27 00:18:48.540212
2020-10-29 09:41:06,da91f135-e29b-4cce-bbb8-e9cbbad0f686,NVDA,SELL,514.4100,1,Status.PARTIALLY_FILLED,2026-03-27 00:18:48.540212
2020-10-29 09:41:09,5c866b77-43b8-43db-8496-70eef74e7a2d,NVDA,SELL,0.0000,5,Status.CANCELED,2026-03-27 00:18:50.560289
2020-10-29 09:41:10,3e393c5d-4ec3-4c39-9407-182428ee2ec8,NVDA,SELL,0.0000,5,Status.CANCELED,2026-03-27 00:18:52.574404
2020-10-29 09:41:12,92028b05-08cf-4b7b-9bd9-60ac8d725744,NVDA,SELL,0.0000,5,Status.CANCELED,2026-03-27 00:18:54.618775
2020-10-29 09:41:15,0b61f5d5-e862-4caa-8773-633f6e45eff6,NVDA,SELL,514.2400,1,Status.FILLED,2026-03-27 00:18:56.664550
2020-10-29 09:41:15,0b61f5d5-e862-4caa-8773-633f6e45eff6,NVDA,SELL,514.2400,1,Status.PARTIALLY_FILLED,2026-03-27 00:18:56.664550
2020-10-29 09:41:15,0b61f5d5-e862-4caa-8773-633f6e45eff6,NVDA,SELL,514.2400,2,Status.PARTIALLY_FILLED,2026-03-27 00:18:56.664550
2020-10-29 09:41:17,47ad8374-a802-49d2-a691-c083845d91c9,NVDA,SELL,0.0000,5,Status.CANCELED,2026-03-27 00:18:58.700146
2020-10-29 09:41:18,84fe0b9c-2ba8-4153-bea4-95615505e117,NVDA,SELL,0.0000,5,Status.CANCELED,2026-03-27 00:19:00.721343
2020-10-29 09:41:21,a2592b1b-40d5-4051-aeba-57af700e29fb,NVDA,SELL,0.0000,5,Status.CANCELED,2026-03-27 00:19:02.779924
2020-10-29 09:41:23,95f06f7b-ac35-4d39-8bd5-6989eff6306c,NVDA,SELL,0.0000,5,Status.CANCELED,2026-03-27 00:19:04.811684
2020-10-29 09:41:23,b4897e65-a608-47fd-b6c2-212a1dc8b35e,NVDA,SELL,513.2900,1,Status.PARTIALLY_FILLED,2026-03-27 00:19:06.829737
2020-10-29 09:41:25,81db6d5f-6b9c-453a-82d1-6c0c9f4f7d27,NVDA,SELL,513.2700,1,Status.FILLED,2026-03-27 00:19:08.865929
2020-10-29 09:41:25,81db6d5f-6b9c-453a-82d1-6c0c9f4f7d27,NVDA,SELL,513.2700,1,Status.PARTIALLY_FILLED,2026-03-27 00:19:08.865929
2020-10-29 09:41:25,81db6d5f-6b9c-453a-82d1-6c0c9f4f7d27,NVDA,SELL,513.2700,2,Status.PARTIALLY_FILLED,2026-03-27 00:19:08.865929
2020-10-29 09:43:26,21d7f6f5-8054-425c-b628-d555f39daa1e,NVDA,BUY,0.0000,5,Status.CANCELED,2026-03-27 00:21:07.722213
2020-10-29 09:43:28,55fc0988-a4e9-4029-af6b-14caeb26d112,NVDA,BUY,0.0000,5,Status.CANCELED,2026-03-27 00:21:09.780838
2020-10-29 09:43:28,17546f68-3d4f-4baf-a86e-c63c2c2c9298,NVDA,BUY,511.6000,1,Status.PARTIALLY_FILLED,2026-03-27 00:21:11.800001
2020-10-29 09:43:30,00105ff3-cda5-4e42-9252-cfe43bc3de3a,NVDA,BUY,511.6500,4,Status.PARTIALLY_FILLED,2026-03-27 00:21:13.824023
2020-10-29 09:43:34,db64cff4-8653-4874-b44f-3154217c62a7,NVDA,BUY,0.0000,5,Status.CANCELED,2026-03-27 00:21:15.837791
2020-10-29 09:43:34,e6592909-bee1-479a-a5f0-4d76de32ab86,NVDA,BUY,511.6700,3,Status.FILLED,2026-03-27 00:21:17.853217
2020-10-29 09:43:34,e6592909-bee1-479a-a5f0-4d76de32ab86,NVDA,BUY,511.6700,1,Status.PARTIALLY_FILLED,2026-03-27 00:21:17.853217
2020-10-29 09:43:38,437ba5d9-4b0f-44b7-b118-20e40ee6edae,NVDA,BUY,0.0000,5,Status.CANCELED,2026-03-27 00:21:19.877838
2020-10-29 09:43:38,22746197-c1b3-4411-9e83-e118e6a13ddc,NVDA,BUY,511.7000,1,Status.PARTIALLY_FILLED,2026-03-27 00:21:21.895306
2020-10-29 09:43:42,ca3025f6-8f77-45f3-be6f-d00b7cfd7294,NVDA,BUY,0.0000,5,Status.CANCELED,2026-03-27 00:21:23.931186
2020-10-29 09:43:43,e5ded10d-8f3a-462a-a8b9-076bfe8ffa4c,NVDA,BUY,0.0000,5,Status.CANCELED,2026-03-27 00:21:25.956300
2020-10-29 09:31:01,43db3488-583f-405f-83cf-3c09c14dc825,NVDA,BUY,0.0000,5,Status.CANCELED,2026-03-27 00:24:34.005731
2020-10-29 09:31:03,f6200cdd-14dc-4462-a21b-a0d1c06a8ef0,NVDA,BUY,0.0000,5,Status.CANCELED,2026-03-27 00:24:36.037937
2020-10-29 09:31:05,3b462c61-7203-4e8d-bc44-40fac4b46364,NVDA,BUY,0.0000,5,Status.CANCELED,2026-03-27 00:24:38.051418
2020-10-29 09:31:07,9f4291bd-1441-423c-af8b-7f1a71b3b2c0,NVDA,BUY,0.0000,4,Status.FILLED,2026-03-27 00:24:40.062893
2020-10-29 09:31:07,9f4291bd-1441-423c-af8b-7f1a71b3b2c0,NVDA,BUY,515.0700,1,Status.PARTIALLY_FILLED,2026-03-27 00:24:40.062893
2020-10-29 09:31:07,2b87133f-ca99-42af-a2b2-c6f1a24d56f5,NVDA,BUY,515.0700,5,Status.FILLED,2026-03-27 00:24:42.074992
2020-10-29 09:31:49,78c1c946-92d1-4d52-85ff-2d1354551358,NVDA,SELL,0.0000,4,Status.CANCELED,2026-03-27 00:24:43.084689
2020-10-29 09:31:49,7089542c-cee3-49be-98ae-28bac5f9d308,NVDA,SELL,0.0000,1,Status.CANCELED,2026-03-27 00:24:43.085878
2020-10-29 09:31:55,7cb5b1fc-457e-4647-b373-e4dd1b7db2d8,NVDA,SELL,513.4200,5,Status.PARTIALLY_FILLED,2026-03-27 00:25:24.274950
2020-10-29 09:35:08,4af1ea23-fc2c-49a3-90c3-eef6569239cc,NVDA,BUY,0.0000,5,Status.CANCELED,2026-03-27 00:28:41.123018
2020-10-29 09:35:12,1f5064a3-0b2b-4c39-b17b-4964e296ffb2,NVDA,BUY,0.0000,5,Status.CANCELED,2026-03-27 00:28:46.142621
2020-10-29 09:35:19,38346135-fe53-4586-8764-ee220937d1f5,NVDA,BUY,0.0000,5,Status.CANCELED,2026-03-27 00:28:51.157888
2020-10-29 09:35:23,9a081770-c3d2-4119-9178-b9e85d0f5806,NVDA,BUY,0.0000,5,Status.CANCELED,2026-03-27 00:28:56.172050
2020-10-29 09:35:27,4654dc21-338f-407e-b44a-e4d3b6410195,NVDA,BUY,0.0000,5,Status.CANCELED,2026-03-27 00:28:59.194872
2020-10-29 09:35:29,463cb0b2-eaf3-45ed-88ac-4eb0ff19e6f7,NVDA,BUY,514.7800,5,Status.FILLED,2026-03-27 00:29:03.222081
2020-10-29 09:35:32,134f02cb-aef4-47c5-be91-9b9e5fd04eff,NVDA,BUY,0.0000,5,Status.CANCELED,2026-03-27 00:29:05.243722
2020-10-29 09:35:36,b7d0ed7d-647a-45cf-ace6-cfd8f4101705,NVDA,BUY,0.0000,4,Status.FILLED,2026-03-27 00:29:09.261224
2020-10-29 09:35:36,b7d0ed7d-647a-45cf-ace6-cfd8f4101705,NVDA,BUY,514.6200,1,Status.PARTIALLY_FILLED,2026-03-27 00:29:09.261224
2020-10-29 09:35:42,81f2b8c9-b5d6-4fc9-a4d1-3af2bd1dae8e,NVDA,BUY,0.0000,5,Status.CANCELED,2026-03-27 00:29:14.276264
2020-10-29 09:35:44,c6860012-627b-46aa-8b28-0d186b6298e1,NVDA,BUY,514.6000,1,Status.FILLED,2026-03-27 00:29:18.337993
2020-10-29 09:35:44,c6860012-627b-46aa-8b28-0d186b6298e1,NVDA,BUY,514.6000,1,Status.PARTIALLY_FILLED,2026-03-27 00:29:18.337993
2020-10-29 09:36:23,68815d91-c84b-48c9-b4d5-f558867dd46f,NVDA,BUY,0.0000,3,Status.FILLED,2026-03-27 00:29:55.524774
2020-10-29 09:36:23,68815d91-c84b-48c9-b4d5-f558867dd46f,NVDA,BUY,515.7100,2,Status.PARTIALLY_FILLED,2026-03-27 00:29:55.524774
2020-10-29 09:36:23,0f91d92f-f2d4-4a43-b135-d76040d99311,NVDA,BUY,515.6200,1,Status.FILLED,2026-03-27 00:29:57.532770
2020-10-29 09:36:23,0f91d92f-f2d4-4a43-b135-d76040d99311,NVDA,BUY,515.6100,2,Status.PARTIALLY_FILLED,2026-03-27 00:29:57.532770
2020-10-29 09:36:23,0f91d92f-f2d4-4a43-b135-d76040d99311,NVDA,BUY,515.6000,2,Status.PARTIALLY_FILLED,2026-03-27 00:29:57.532770
2020-10-29 09:36:40,db0c59e5-fcb7-43a3-a179-46409441e794,NVDA,SELL,0.0000,4,Status.CANCELED,2026-03-27 00:29:58.544656
2020-10-29 09:36:40,8cb8e602-6d60-4cb6-85fd-cba96370b9c2,NVDA,SELL,0.0000,1,Status.CANCELED,2026-03-27 00:29:58.546215
2020-10-29 09:36:40,f1d8d0ce-9415-43ed-a9ed-a2a4ad638f68,NVDA,SELL,514.8200,1,Status.PARTIALLY_FILLED,2026-03-27 00:30:15.633970
2020-10-29 09:36:40,f1d8d0ce-9415-43ed-a9ed-a2a4ad638f68,NVDA,SELL,514.8300,3,Status.PARTIALLY_FILLED,2026-03-27 00:30:15.633970
2020-10-29 09:36:40,f1d8d0ce-9415-43ed-a9ed-a2a4ad638f68,NVDA,SELL,514.8300,2,Status.PARTIALLY_FILLED,2026-03-27 00:30:15.633970
2020-10-29 09:36:40,f1d8d0ce-9415-43ed-a9ed-a2a4ad638f68,NVDA,SELL,514.8400,3,Status.PARTIALLY_FILLED,2026-03-27 00:30:15.633970
2020-10-29 09:36:40,f1d8d0ce-9415-43ed-a9ed-a2a4ad638f68,NVDA,SELL,514.8400,2,Status.PARTIALLY_FILLED,2026-03-27 00:30:15.633970
2020-10-29 09:36:40,f1d8d0ce-9415-43ed-a9ed-a2a4ad638f68,NVDA,SELL,514.9800,1,Status.PARTIALLY_FILLED,2026-03-27 00:30:15.633970
2020-10-29 09:36:44,9ba5dc26-3cbb-4fdb-9f21-e280f292218f,NVDA,SELL,0.0000,5,Status.CANCELED,2026-03-27 00:30:16.659767
2020-10-29 09:36:46,3bc0d297-776e-41a1-8253-8a5f692e0b0d,NVDA,SELL,0.0000,5,Status.CANCELED,2026-03-27 00:30:18.668822
2020-10-29 09:36:48,52dcb38e-c58f-4e2c-8309-2f3af074cd88,NVDA,SELL,0.0000,5,Status.CANCELED,2026-03-27 00:30:20.679217
2020-10-29 09:36:50,35470e5e-4ba3-4ed6-a313-9e6a4a3d1bb7,NVDA,SELL,0.0000,5,Status.CANCELED,2026-03-27 00:30:22.687384
2020-10-29 09:36:52,4545fcbd-dbd0-4fc4-9bc6-84a4a5f6e7a1,NVDA,SELL,0.0000,5,Status.CANCELED,2026-03-27 00:30:24.693771
2020-10-29 09:36:54,90a1f548-bc47-4896-90c7-06227e4df347,NVDA,SELL,0.0000,5,Status.CANCELED,2026-03-27 00:30:26.699445
2020-10-29 09:36:54,97be4173-9e47-462e-9778-baa1bffae895,NVDA,SELL,514.3000,2,Status.FILLED,2026-03-27 00:30:28.705086
2020-10-29 09:36:54,97be4173-9e47-462e-9778-baa1bffae895,NVDA,SELL,514.3000,1,Status.PARTIALLY_FILLED,2026-03-27 00:30:28.705086
2020-10-29 09:37:18,7c7215a2-9edc-4af6-8a00-e5ed5b95f867,NVDA,BUY,0.0000,5,Status.CANCELED,2026-03-27 00:30:50.769975
2020-10-29 09:37:20,37c43c1f-4ab7-4531-a4cd-7ebf7ceead71,NVDA,BUY,0.0000,5,Status.CANCELED,2026-03-27 00:30:52.778010
2020-10-29 09:37:22,03187df1-2a06-4db3-ace4-c87fc60b66b4,NVDA,BUY,0.0000,5,Status.CANCELED,2026-03-27 00:30:54.785031
2020-10-29 09:37:22,c7f66c8b-9b47-4b50-9774-e3d0a64aa32c,NVDA,BUY,515.9600,1,Status.PARTIALLY_FILLED,2026-03-27 00:30:56.791422
2020-10-29 09:37:26,f1a306d9-8468-476b-a359-247b97adaad9,NVDA,SELL,516.1100,2,Status.PARTIALLY_FILLED,2026-03-27 00:30:57.797528
2020-10-29 09:37:28,db76fefa-6697-4d8a-a2dd-56687ad21a1c,NVDA,SELL,516.2600,1,Status.FILLED,2026-03-27 00:30:57.798579
2020-10-29 09:37:42,25f9593f-f589-48ef-bc6e-5ad2a5a07d3f,NVDA,BUY,516.7000,1,Status.PARTIALLY_FILLED,2026-03-27 00:31:16.885494
2020-10-29 09:37:45,e536a1d9-0fb6-4794-a93a-5287ce6e64f3,NVDA,SELL,0.0000,4,Status.CANCELED,2026-03-27 00:31:17.892089
2020-10-29 09:37:45,cfc2a6be-1924-47b6-8c47-88f73290fe5a,NVDA,SELL,0.0000,1,Status.CANCELED,2026-03-27 00:31:17.893143
2020-10-29 09:37:45,10aeb042-59cc-4cec-8454-fe86a552e8a2,NVDA,BUY,516.5900,1,Status.FILLED,2026-03-27 00:31:19.903950
2020-10-29 09:37:45,10aeb042-59cc-4cec-8454-fe86a552e8a2,NVDA,BUY,516.5900,1,Status.PARTIALLY_FILLED,2026-03-27 00:31:19.903950
2020-10-29 09:37:45,10aeb042-59cc-4cec-8454-fe86a552e8a2,NVDA,BUY,516.5600,2,Status.PARTIALLY_FILLED,2026-03-27 00:31:19.903950
2020-10-29 09:38:24,107f0509-b90b-4d1e-9cd6-fbeb843ca979,NVDA,SELL,0.0000,4,Status.CANCELED,2026-03-27 00:31:19.906843
2020-10-29 09:38:24,831b0e69-9f9b-457d-8421-eda037e7b43a,NVDA,SELL,0.0000,1,Status.CANCELED,2026-03-27 00:31:19.908551
2020-10-29 09:40:11,e00c00ae-d384-4122-8112-d1c7bbd48131,NVDA,BUY,516.0000,1,Status.FILLED,2026-03-27 00:33:44.582095
2020-10-29 09:40:11,e00c00ae-d384-4122-8112-d1c7bbd48131,NVDA,BUY,516.0000,1,Status.PARTIALLY_FILLED,2026-03-27 00:33:44.582095
2020-10-29 09:40:12,92e47bf2-9107-4b12-9064-0331e47849ee,NVDA,BUY,515.9900,1,Status.FILLED,2026-03-27 00:33:46.598300
2020-10-29 09:40:12,92e47bf2-9107-4b12-9064-0331e47849ee,NVDA,BUY,515.9900,1,Status.PARTIALLY_FILLED,2026-03-27 00:33:46.598300
2020-10-29 09:40:16,2d6f5eae-ebcb-485b-9422-9392b9a82eb4,NVDA,BUY,515.5300,1,Status.FILLED,2026-03-27 00:33:48.617015
2020-10-29 09:40:16,2d6f5eae-ebcb-485b-9422-9392b9a82eb4,NVDA,BUY,515.5200,2,Status.PARTIALLY_FILLED,2026-03-27 00:33:48.617015
2020-10-29 09:40:16,2d6f5eae-ebcb-485b-9422-9392b9a82eb4,NVDA,BUY,515.5100,2,Status.PARTIALLY_FILLED,2026-03-27 00:33:48.617015
2020-10-29 09:40:40,a3d4da7b-2a0a-42b0-bbae-08610aa582d1,NVDA,SELL,0.0000,5,Status.CANCELED,2026-03-27 00:34:12.777272
2020-10-29 09:40:42,f291ef82-1cba-4eb9-bc0a-2100263cbc4e,NVDA,SELL,0.0000,5,Status.CANCELED,2026-03-27 00:34:14.787228
2020-10-29 09:40:42,907db409-0fdc-4f6c-af23-f00f00374899,NVDA,SELL,514.7200,1,Status.PARTIALLY_FILLED,2026-03-27 00:34:16.801473
2020-10-29 09:40:45,5c646782-3a7f-43ac-a16c-d5b36bc86a17,NVDA,BUY,0.0000,4,Status.CANCELED,2026-03-27 00:34:17.817021
2020-10-29 09:40:45,e4cd079e-5ce0-4741-98c0-e00b61f47527,NVDA,BUY,0.0000,1,Status.CANCELED,2026-03-27 00:34:17.817647
2020-10-29 09:40:45,6a373f69-d4e5-4575-855c-8098c06bde4f,NVDA,BUY,514.6900,1,Status.FILLED,2026-03-27 00:34:19.828480
2020-10-29 09:40:45,6a373f69-d4e5-4575-855c-8098c06bde4f,NVDA,BUY,514.6900,1,Status.PARTIALLY_FILLED,2026-03-27 00:34:19.828480
2020-10-29 09:40:45,d73141cc-b4ad-4621-b543-ab20a30bc2e3,NVDA,BUY,514.7000,1,Status.FILLED,2026-03-27 00:34:19.828921
2020-10-29 09:40:47,b20d3cdd-f5b5-4ce5-a604-b5f20002ae37,NVDA,SELL,0.0000,4,Status.CANCELED,2026-03-27 00:34:19.826042
2020-10-29 09:40:49,f34d0caa-6898-4fd3-95c2-340668fed5f4,NVDA,SELL,0.0000,4,Status.CANCELED,2026-03-27 00:34:21.843841
2020-10-29 09:40:49,599a8157-56d9-41f9-a5b1-09d09fd49522,NVDA,SELL,514.4200,1,Status.PARTIALLY_FILLED,2026-03-27 00:34:23.857779
2020-10-29 09:40:51,48d87cf2-26ee-4724-9ccc-a116d7170e45,NVDA,SELL,514.3300,4,Status.FILLED,2026-03-27 00:34:25.876276
2020-10-29 09:40:51,5f390a67-95b1-4fdd-9cb1-198f867a284b,NVDA,BUY,514.5600,1,Status.FILLED,2026-03-27 00:34:25.878389
2020-10-29 09:40:53,239c6f1e-d799-4ad5-be73-98922194bcee,NVDA,SELL,514.7100,4,Status.FILLED,2026-03-27 00:34:27.906949
2020-10-29 09:40:53,239c6f1e-d799-4ad5-be73-98922194bcee,NVDA,SELL,514.7100,1,Status.PARTIALLY_FILLED,2026-03-27 00:34:27.906949
2020-10-29 09:41:00,ab533f22-7585-42a0-a18c-16dbb5e934e1,NVDA,BUY,514.2000,1,Status.FILLED,2026-03-27 00:34:28.919635
2020-10-29 09:41:00,ab533f22-7585-42a0-a18c-16dbb5e934e1,NVDA,BUY,514.2000,3,Status.PARTIALLY_FILLED,2026-03-27 00:34:28.919635
2020-10-29 09:41:15,597039a4-92dc-46cd-b893-124d5b881b42,NVDA,BUY,513.6900,1,Status.FILLED,2026-03-27 00:34:28.920550
2020-10-29 09:41:26,f313fbfc-218f-41fb-8e2f-550c8a41bfa4,NVDA,SELL,0.0000,5,Status.CANCELED,2026-03-27 00:34:59.044581
2020-10-29 09:41:26,f64a850b-fa95-4f53-aba4-d0d3b2e98c86,NVDA,SELL,513.2900,3,Status.PARTIALLY_FILLED,2026-03-27 00:35:01.057389
2020-10-29 09:41:59,a0a8b268-c129-4051-9da8-d5e1e7e54cb1,NVDA,BUY,512.8600,1,Status.FILLED,2026-03-27 00:35:02.070056
2020-10-29 09:41:59,a0a8b268-c129-4051-9da8-d5e1e7e54cb1,NVDA,BUY,512.8600,1,Status.PARTIALLY_FILLED,2026-03-27 00:35:02.070056
2020-10-29 09:42:08,546f9856-3fd2-4ba9-901a-58f14487d6a2,NVDA,BUY,0.0000,1,Status.CANCELED,2026-03-27 00:35:02.070665
2020-10-29 09:42:14,e1251c30-c244-41e9-b4a0-266eb527e46e,NVDA,SELL,513.5800,2,Status.PARTIALLY_FILLED,2026-03-27 00:35:43.308224
2020-10-29 09:42:28,9093b788-8a8d-476f-b1f6-b3bdc23915e7,NVDA,SELL,512.8000,1,Status.FILLED,2026-03-27 00:36:02.396571
2020-10-29 09:42:28,9093b788-8a8d-476f-b1f6-b3bdc23915e7,NVDA,SELL,512.8000,3,Status.PARTIALLY_FILLED,2026-03-27 00:36:02.396571
2020-10-29 09:42:28,9093b788-8a8d-476f-b1f6-b3bdc23915e7,NVDA,SELL,512.8000,1,Status.PARTIALLY_FILLED,2026-03-27 00:36:02.396571
2020-10-29 09:42:52,c773c79e-945b-496a-88bb-b502f4862fb5,NVDA,BUY,511.6600,1,Status.FILLED,2026-03-27 00:36:03.425916
2020-10-29 09:43:11,9e937a15-dc01-4f35-b4a5-8e440e0274ba,NVDA,SELL,510.7200,1,Status.PARTIALLY_FILLED,2026-03-27 00:36:45.651187
2020-10-29 09:43:29,433f7009-cd23-4a2b-829e-5e4d1eb8c45a,NVDA,BUY,0.0000,4,Status.CANCELED,2026-03-27 00:36:46.658162
2020-10-29 09:43:29,b5ab8686-14d2-40c1-809b-b7230899e89e,NVDA,BUY,0.0000,1,Status.CANCELED,2026-03-27 00:36:46.658863
2020-10-29 09:43:32,a4c65727-0b16-4ad8-854c-d3dc7c2b34a3,NVDA,SELL,0.0000,3,Status.CANCELED,2026-03-27 00:37:03.734500
2020-10-29 09:43:32,6b33062c-6460-45d0-97aa-e2aae8335131,NVDA,BUY,0.0000,5,Status.CANCELED,2026-03-27 00:37:04.753222
2020-10-29 09:43:34,149a5622-3970-4af8-9192-589172b71280,NVDA,BUY,0.0000,5,Status.CANCELED,2026-03-27 00:37:06.762627
2020-10-29 09:43:34,7b3c51ab-9f4e-43c6-b1b3-b1ae4d56de9e,NVDA,BUY,511.6700,3,Status.FILLED,2026-03-27 00:37:08.776699
2020-10-29 09:43:34,7b3c51ab-9f4e-43c6-b1b3-b1ae4d56de9e,NVDA,BUY,511.6700,1,Status.PARTIALLY_FILLED,2026-03-27 00:37:08.776699
2020-10-29 09:43:39,61a60ff3-2719-4a13-899e-1f8ea689d29f,NVDA,SELL,512.0700,1,Status.PARTIALLY_FILLED,2026-03-27 00:37:09.795416
2020-10-29 09:43:43,5e5e9ff8-2caf-4116-9042-f6f9f3b74870,NVDA,SELL,512.4700,1,Status.FILLED,2026-03-27 00:37:09.797342
2020-10-29 09:43:45,22f4bd32-2da6-4773-bca3-b1b5b17fb319,NVDA,BUY,512.7300,1,Status.FILLED,2026-03-27 00:37:19.866552
2020-10-29 09:43:45,22f4bd32-2da6-4773-bca3-b1b5b17fb319,NVDA,BUY,512.7300,1,Status.PARTIALLY_FILLED,2026-03-27 00:37:19.866552
2020-10-29 09:43:45,22f4bd32-2da6-4773-bca3-b1b5b17fb319,NVDA,BUY,512.7300,2,Status.PARTIALLY_FILLED,2026-03-27 00:37:19.866552
2020-10-29 09:43:57,4a65c856-878c-4c2f-b674-ec9336187385,NVDA,SELL,513.1000,1,Status.PARTIALLY_FILLED,2026-03-27 00:37:20.881944
2020-10-29 09:44:03,7563953e-e1df-4025-808f-684ababfc5de,NVDA,SELL,513.4700,1,Status.FILLED,2026-03-27 00:37:20.882905
2020-10-29 09:44:07,5d6ada15-c952-444f-8190-09882369f8f5,NVDA,BUY,0.0000,5,Status.CANCELED,2026-03-27 00:37:39.965033
2020-10-29 09:44:09,6006726b-9836-4717-bd08-c359f74e6b4a,NVDA,BUY,0.0000,5,Status.CANCELED,2026-03-27 00:37:41.974103
2020-10-29 09:44:11,d45a7e6d-1b92-4653-9497-882ff78782d5,NVDA,BUY,0.0000,5,Status.CANCELED,2026-03-27 00:37:43.988261
2020-10-29 09:44:13,d92cb7e0-8023-469e-ba9a-78e6e7b90b8c,NVDA,BUY,0.0000,5,Status.CANCELED,2026-03-27 00:37:45.997857
2020-10-29 09:44:13,05906bd8-51af-4c80-a62d-c36dcc57914e,NVDA,BUY,514.0100,1,Status.FILLED,2026-03-27 00:37:48.014828
2020-10-29 09:44:13,05906bd8-51af-4c80-a62d-c36dcc57914e,NVDA,BUY,514.0000,2,Status.PARTIALLY_FILLED,2026-03-27 00:37:48.014828
2020-10-29 09:44:13,05906bd8-51af-4c80-a62d-c36dcc57914e,NVDA,BUY,514.0000,1,Status.PARTIALLY_FILLED,2026-03-27 00:37:48.014828
2020-10-29 09:44:13,05906bd8-51af-4c80-a62d-c36dcc57914e,NVDA,BUY,513.9000,1,Status.PARTIALLY_FILLED,2026-03-27 00:37:48.014828
2020-10-29 09:44:56,18467a0d-e2be-488f-acac-0b6562243328,NVDA,SELL,0.0000,4,Status.CANCELED,2026-03-27 00:37:49.021084
2020-10-29 09:44:56,f188ee8f-9f1b-4c73-be36-4bb2094e20c1,NVDA,SELL,0.0000,1,Status.CANCELED,2026-03-27 00:37:49.021678
2020-10-29 09:44:59,dc8fcfb3-7998-465e-be41-b1b317e5dc43,NVDA,SELL,513.2200,2,Status.PARTIALLY_FILLED,2026-03-27 00:38:30.273503
2020-10-29 09:45:35,9197a271-91c4-4ba2-9ab2-558dc6139403,NVDA,SELL,0.0000,5,Status.CANCELED,2026-03-27 00:39:08.436656
2020-10-29 09:45:40,63e1662c-8ee3-4db0-991a-850de1d6afba,NVDA,SELL,0.0000,3,Status.FILLED,2026-03-27 00:39:12.456864
2020-10-29 09:45:40,63e1662c-8ee3-4db0-991a-850de1d6afba,NVDA,SELL,511.7900,1,Status.PARTIALLY_FILLED,2026-03-27 00:39:12.456864
2020-10-29 09:45:43,335bd11a-5f39-4b86-b5ae-599e1af74f73,NVDA,SELL,511.7300,1,Status.FILLED,2026-03-27 00:39:15.474263
2020-10-29 09:45:43,335bd11a-5f39-4b86-b5ae-599e1af74f73,NVDA,SELL,511.7300,2,Status.PARTIALLY_FILLED,2026-03-27 00:39:15.474263
2020-10-29 09:45:43,335bd11a-5f39-4b86-b5ae-599e1af74f73,NVDA,SELL,512.0200,2,Status.PARTIALLY_FILLED,2026-03-27 00:39:15.474263
2020-10-29 09:45:45,b60000f3-6e18-49b6-b270-a31d53c50bb7,NVDA,SELL,0.0000,5,Status.CANCELED,2026-03-27 00:39:17.488898
2020-10-29 09:45:47,ab01ad7d-6d48-4533-95d0-694f3e643e09,NVDA,SELL,0.0000,5,Status.CANCELED,2026-03-27 00:39:19.508443
2020-10-29 09:45:47,2385742a-b1cb-432e-a55b-b8b7bd9dcccd,NVDA,SELL,512.2300,1,Status.PARTIALLY_FILLED,2026-03-27 00:39:21.523857
2020-10-29 09:45:49,1b477d03-7f4e-44b7-af2f-df6aa29e6300,NVDA,BUY,0.0000,4,Status.CANCELED,2026-03-27 00:39:22.536470
2020-10-29 09:45:49,c1efa2a6-4eb7-42b1-950d-d9124b89604f,NVDA,BUY,0.0000,1,Status.CANCELED,2026-03-27 00:39:22.537368
2020-10-29 09:45:49,007f724d-785e-45da-856e-9ceb0bc1bf3e,NVDA,BUY,511.9900,1,Status.FILLED,2026-03-27 00:39:24.579252
2020-10-29 09:45:49,007f724d-785e-45da-856e-9ceb0bc1bf3e,NVDA,BUY,511.8600,1,Status.PARTIALLY_FILLED,2026-03-27 00:39:24.579252
2020-10-29 09:45:49,007f724d-785e-45da-856e-9ceb0bc1bf3e,NVDA,BUY,511.8000,2,Status.PARTIALLY_FILLED,2026-03-27 00:39:24.579252
2020-10-29 09:45:49,0cba5e23-7bb3-403d-aea6-df1dd2778be7,NVDA,BUY,512.0000,1,Status.FILLED,2026-03-27 00:39:24.579496
2020-10-29 09:45:52,2adf99db-d39f-474c-9efd-7ab61636f38f,NVDA,SELL,0.0000,4,Status.CANCELED,2026-03-27 00:39:24.576902
2020-10-29 09:45:52,2790f03f-4a4a-4e93-b131-3e6e0e734236,NVDA,SELL,511.6500,1,Status.PARTIALLY_FILLED,2026-03-27 00:39:26.594239
2020-10-29 09:45:52,ed19eb8b-f236-416a-8be0-77e0ec0c407f,NVDA,BUY,511.9600,1,Status.FILLED,2026-03-27 00:39:26.595050
2020-10-29 09:45:55,e92dfc3e-8134-48e2-8fd9-e740bfb85932,NVDA,BUY,511.9500,1,Status.PARTIALLY_FILLED,2026-03-27 00:39:26.594833
2020-10-29 09:46:21,6c9af726-b852-4c60-aded-bedbdf24dd18,NVDA,BUY,0.0000,5,Status.CANCELED,2026-03-27 00:39:51.704236
2020-10-29 09:46:21,a3bfddb5-c257-40e1-a147-43223514b496,NVDA,BUY,0.0000,5,Status.CANCELED,2026-03-27 00:39:52.710826
2020-10-29 09:46:27,b107a5ac-a57c-41d7-9073-0159b22d5936,NVDA,BUY,0.0000,5,Status.CANCELED,2026-03-27 00:40:00.729418
2020-10-29 09:46:35,3546d408-d5f0-4ccd-a624-0fc3c5847d32,NVDA,BUY,0.0000,2,Status.FILLED,2026-03-27 00:40:07.752831
2020-10-29 09:46:35,3546d408-d5f0-4ccd-a624-0fc3c5847d32,NVDA,BUY,513.6400,2,Status.PARTIALLY_FILLED,2026-03-27 00:40:07.752831
2020-10-29 09:46:35,3546d408-d5f0-4ccd-a624-0fc3c5847d32,NVDA,BUY,513.6400,1,Status.PARTIALLY_FILLED,2026-03-27 00:40:07.752831
2020-10-29 09:46:40,115aa80d-0003-48bb-9039-717b099ef1cc,NVDA,BUY,0.0000,5,Status.CANCELED,2026-03-27 00:40:13.764972
2020-10-29 09:46:48,d587030c-863e-4af5-bd7e-0fc9d8b57f2f,NVDA,BUY,0.0000,5,Status.CANCELED,2026-03-27 00:40:19.790922
2020-10-29 09:46:53,bf90166e-303c-4ad7-9c47-3f6e985611e1,NVDA,BUY,0.0000,5,Status.CANCELED,2026-03-27 00:40:24.806469
